{
    "HANS": {
        "acc": [
            0.9999866666666666,
            1.6329931618552724e-05
        ]
    },
    "HANS_MNLI": {
        "hans_mnli_acc": [
            0.976802712545523,
            0.00034968337127125397
        ]
    },
    "MNLI_TWO": {
        "mnli_two_acc": [
            0.9043301069791136,
            0.0008302210407524689
        ]
    },
    "MNLI_TWO_HALF": {
        "mnli_two_half_acc": [
            0.8958329088130412,
            0.0017618719365230598
        ]
    }
}