{
    "CoLA": {
        "mcc": [
            0.01839806197580619,
            0.04629719235119113
        ]
    },
    "MNLI": {
        "mnli-mm_acc": [
            0.32180634662327096,
            0.0064717434416083075
        ],
        "mnli_acc": [
            0.3208354559347937,
            0.0051979260322725564
        ]
    },
    "MRPC": {
        "acc": [
            0.3897058823529412,
            0.14705882352941177
        ],
        "acc_and_f1": [
            0.2760756486000514,
            0.2359748266118675
        ],
        "f1": [
            0.16244541484716157,
            0.32489082969432315
        ]
    },
    "QNLI": {
        "acc": [
            0.4977484898407468,
            0.006307539902407247
        ]
    },
    "QQP": {
        "acc": [
            0.6318327974276527,
            0.0
        ],
        "acc_and_f1": [
            0.3159163987138264,
            0.0
        ],
        "f1": [
            0.0,
            0.0
        ]
    },
    "RTE": {
        "acc": [
            0.4729241877256317,
            5.551115123125783e-17
        ]
    },
    "SST-2": {
        "acc": [
            0.49816513761467884,
            0.008988953184525398
        ]
    },
    "STS-B": {
        "corr": [
            0.05866097305392319,
            0.05090176678383068
        ],
        "pearson": [
            0.05619747493229765,
            0.05141973306391343
        ],
        "spearmanr": [
            0.06112447117554874,
            0.05057567697501155
        ]
    },
    "WNLI": {
        "acc": [
            0.5380281690140845,
            0.0507042253521127
        ]
    }
}