{
    "CoLA": {
        "mcc": [
            0.3926039079604669,
            0.03210645301518022
        ]
    },
    "MNLI": {
        "mnli-mm_acc": [
            0.8139544344995931,
            0.0019757685210070124
        ],
        "mnli_acc": [
            0.8136729495669892,
            0.004593369510545702
        ]
    },
    "MRPC": {
        "acc": [
            0.7294117647058824,
            0.04881329131178274
        ],
        "acc_and_f1": [
            0.7489382317048965,
            0.05413727794611065
        ],
        "f1": [
            0.7684646987039103,
            0.05947406851310671
        ]
    },
    "QNLI": {
        "acc": [
            0.8954420647995607,
            0.0014150575207825618
        ]
    },
    "QQP": {
        "acc": [
            0.8951372743012614,
            0.004093524072311161
        ],
        "acc_and_f1": [
            0.8787226765059213,
            0.006503546212425491
        ],
        "f1": [
            0.8623080787105813,
            0.00906651252159342
        ]
    },
    "RTE": {
        "acc": [
            0.6267148014440433,
            0.03068379691101194
        ]
    },
    "SST-2": {
        "acc": [
            0.8997706422018348,
            0.0029550685153038924
        ]
    },
    "STS-B": {
        "corr": [
            0.8721476004339612,
            0.010818692236487001
        ],
        "pearson": [
            0.873918753654554,
            0.011874861456375611
        ],
        "spearmanr": [
            0.8703764472133686,
            0.009981707700944187
        ]
    },
    "WNLI": {
        "acc": [
            0.419718309859155,
            0.05070422535211266
        ]
    }
}