{
    "CoLA": {
        "mcc": [
            0.44026689660903784,
            0.06472094639874233
        ]
    },
    "MNLI": {
        "mnli-mm_acc": [
            0.7403173311635476,
            0.03374886760077816
        ],
        "mnli_acc": [
            0.7308405501782985,
            0.032839970324266964
        ]
    },
    "MRPC": {
        "acc": [
            0.682843137254902,
            0.11129286365002608
        ],
        "acc_and_f1": [
            0.6896127275252881,
            0.13853253298688567
        ],
        "f1": [
            0.6963823177956743,
            0.16593117838337962
        ]
    },
    "QNLI": {
        "acc": [
            0.6976020501555922,
            0.044217904868193235
        ]
    },
    "QQP": {
        "acc": [
            0.8694533762057878,
            0.016666113102052144
        ],
        "acc_and_f1": [
            0.8535774195221968,
            0.015487376585943822
        ],
        "f1": [
            0.8377014628386059,
            0.014352165208412317
        ]
    },
    "RTE": {
        "acc": [
            0.6028880866425993,
            0.03292925415448774
        ]
    },
    "SST-2": {
        "acc": [
            0.8947247706422019,
            0.013902185743753886
        ]
    },
    "STS-B": {
        "corr": [
            0.8737317079447167,
            0.009447505669753355
        ],
        "pearson": [
            0.8745782420359636,
            0.009876006789060096
        ],
        "spearmanr": [
            0.8728851738534699,
            0.009052545004939632
        ]
    },
    "WNLI": {
        "acc": [
            0.4647887323943662,
            0.05491151743554346
        ]
    }
}