{
    "CoLA": {
        "mcc": [
            0.40691794418924754,
            0.024728011590656553
        ]
    },
    "MNLI": {
        "mnli-mm_acc": [
            0.8125915378356388,
            0.004890317057693016
        ],
        "mnli_acc": [
            0.8066225165562914,
            0.006463067356965342
        ]
    },
    "MRPC": {
        "acc": [
            0.5372549019607844,
            0.17838962019584503
        ],
        "acc_and_f1": [
            0.4918421393772013,
            0.24281326206420567
        ],
        "f1": [
            0.4464293767936181,
            0.30797719862745593
        ]
    },
    "QNLI": {
        "acc": [
            0.8777960827384221,
            0.004795200975297951
        ]
    },
    "QQP": {
        "acc": [
            0.8734108335394509,
            0.025295653735509863
        ],
        "acc_and_f1": [
            0.850384585798223,
            0.04268875779222085
        ],
        "f1": [
            0.8273583380569949,
            0.060169767950459634
        ]
    },
    "RTE": {
        "acc": [
            0.612274368231047,
            0.011091907217138779
        ]
    },
    "SST-2": {
        "acc": [
            0.9144495412844037,
            0.004843741303197891
        ]
    },
    "STS-B": {
        "corr": [
            0.8191258573019479,
            0.055396835190628824
        ],
        "pearson": [
            0.8207327908874091,
            0.05602601329174427
        ],
        "spearmanr": [
            0.8175189237164864,
            0.05477431502584082
        ]
    },
    "WNLI": {
        "acc": [
            0.4197183098591549,
            0.05224573800279269
        ]
    }
}