{
    "CoLA": {
        "mcc": [
            0.333854521318989,
            0.19359712153359054
        ]
    },
    "MNLI": {
        "mnli-mm_acc": [
            0.7823230268510984,
            0.027724785923301423
        ],
        "mnli_acc": [
            0.7779521141110546,
            0.029540681330700164
        ]
    },
    "MRPC": {
        "acc": [
            0.8137254901960784,
            0.019048391399730837
        ],
        "acc_and_f1": [
            0.8404743232831301,
            0.019043107322351663
        ],
        "f1": [
            0.8672231563701821,
            0.019242284669556874
        ]
    },
    "QNLI": {
        "acc": [
            0.7417170053084385,
            0.019377337723331094
        ]
    },
    "QQP": {
        "acc": [
            0.8343062082611923,
            0.03850826311194654
        ],
        "acc_and_f1": [
            0.802575871542898,
            0.0503407148940889
        ],
        "f1": [
            0.7708455348246037,
            0.0623259469331796
        ]
    },
    "RTE": {
        "acc": [
            0.5263537906137185,
            0.056039300828685204
        ]
    },
    "SST-2": {
        "acc": [
            0.9,
            0.03290625033846047
        ]
    },
    "STS-B": {
        "corr": [
            0.8536678700503846,
            0.04429237761229165
        ],
        "pearson": [
            0.8552352777256,
            0.04045892354381286
        ],
        "spearmanr": [
            0.8521004623751688,
            0.0482679445343625
        ]
    },
    "WNLI": {
        "acc": [
            0.4535211267605634,
            0.06865384567297997
        ]
    }
}