{
    "CoLA": {
        "mcc": [
            0.4891626197516416,
            0.007361366175892803
        ]
    },
    "MNLI": {
        "mnli-mm_acc": [
            0.8166802278275022,
            0.006096620416958396
        ],
        "mnli_acc": [
            0.8097605705552725,
            0.007981533528849867
        ]
    },
    "MRPC": {
        "acc": [
            0.6039215686274509,
            0.13133779171467558
        ],
        "acc_and_f1": [
            0.5974953933262512,
            0.1757299886605387
        ],
        "f1": [
            0.5910692180250512,
            0.2203380481794039
        ]
    },
    "QNLI": {
        "acc": [
            0.8820794435291963,
            0.004343177397205467
        ]
    },
    "QQP": {
        "acc": [
            0.8720949789760079,
            0.030020297472991477
        ],
        "acc_and_f1": [
            0.8446127724861988,
            0.048011991643446425
        ],
        "f1": [
            0.8171305659963893,
            0.06601141681292805
        ]
    },
    "RTE": {
        "acc": [
            0.6173285198555957,
            0.014619824354741223
        ]
    },
    "SST-2": {
        "acc": [
            0.9172018348623853,
            0.0026550084639427127
        ]
    },
    "STS-B": {
        "corr": [
            0.8284937201722578,
            0.027859345792455244
        ],
        "pearson": [
            0.825100814321092,
            0.02986319244855065
        ],
        "spearmanr": [
            0.8318866260234238,
            0.025961772734863674
        ]
    },
    "WNLI": {
        "acc": [
            0.4591549295774648,
            0.05534333156165776
        ]
    }
}