{
    "CoLA": {
        "mcc": [
            0.5195825292314378,
            0.019087065869635135
        ]
    },
    "MNLI": {
        "mnli-mm_acc": [
            0.8369406021155411,
            0.003474450390932408
        ],
        "mnli_acc": [
            0.8321344880285277,
            0.004462789918035825
        ]
    },
    "MRPC": {
        "acc": [
            0.8166666666666667,
            0.01153784538817629
        ],
        "acc_and_f1": [
            0.8432174876128332,
            0.011158294739591106
        ],
        "f1": [
            0.8697683085589999,
            0.011060817018823948
        ]
    },
    "QNLI": {
        "acc": [
            0.8941241076331685,
            0.0033525574148835775
        ]
    },
    "QQP": {
        "acc": [
            0.8953994558496167,
            0.004274294384089481
        ],
        "acc_and_f1": [
            0.8806236316209468,
            0.005076558246160316
        ],
        "f1": [
            0.8658478073922771,
            0.005893959246331096
        ]
    },
    "RTE": {
        "acc": [
            0.6137184115523466,
            0.021173831478144646
        ]
    },
    "SST-2": {
        "acc": [
            0.9204128440366972,
            0.0039460207646984415
        ]
    },
    "STS-B": {
        "corr": [
            0.8632855571108825,
            0.012686189965137054
        ],
        "pearson": [
            0.8645670827432603,
            0.012534237368668407
        ],
        "spearmanr": [
            0.8620040314785046,
            0.012845978879660996
        ]
    },
    "WNLI": {
        "acc": [
            0.352112676056338,
            0.025195132140842694
        ]
    }
}