{
    "CoLA": {
        "mcc": [
            0.5168627834632364,
            0.014236070131747077
        ]
    },
    "MNLI": {
        "mnli-mm_acc": [
            0.8229251423921887,
            0.004910329489555525
        ],
        "mnli_acc": [
            0.8201732042791645,
            0.0030340486360661283
        ]
    },
    "MRPC": {
        "acc": [
            0.7544117647058823,
            0.029914012357632074
        ],
        "acc_and_f1": [
            0.7898045697607421,
            0.02779451696028138
        ],
        "f1": [
            0.8251973748156016,
            0.025909585505735272
        ]
    },
    "QNLI": {
        "acc": [
            0.8972725608639941,
            0.0014197854241014582
        ]
    },
    "QQP": {
        "acc": [
            0.8634034133069501,
            0.014864607290007749
        ],
        "acc_and_f1": [
            0.8488272608413189,
            0.014950216901289807
        ],
        "f1": [
            0.8342511083756874,
            0.015043084601750956
        ]
    },
    "RTE": {
        "acc": [
            0.6014440433212996,
            0.020751058286209285
        ]
    },
    "SST-2": {
        "acc": [
            0.9199541284403671,
            0.0035084996653161086
        ]
    },
    "STS-B": {
        "corr": [
            0.7086813926774781,
            0.06902596434332181
        ],
        "pearson": [
            0.7083251216766797,
            0.06990792736855722
        ],
        "spearmanr": [
            0.7090376636782765,
            0.06814641313782133
        ]
    },
    "WNLI": {
        "acc": [
            0.3549295774647887,
            0.02581732785890613
        ]
    }
}