{
    "CoLA": {
        "mcc": [
            0.5393760097821422,
            0.0054452192613515665
        ]
    },
    "MNLI": {
        "mnli-mm_acc": [
            0.8102929210740439,
            0.010184165436178599
        ],
        "mnli_acc": [
            0.8098217014773306,
            0.009985673693887144
        ]
    },
    "MRPC": {
        "acc": [
            0.7117647058823529,
            0.008433652222590822
        ],
        "acc_and_f1": [
            0.7674419223518312,
            0.005680978866895292
        ],
        "f1": [
            0.8231191388213093,
            0.00340291084695751
        ]
    },
    "QNLI": {
        "acc": [
            0.8679114039904816,
            0.006852610604347308
        ]
    },
    "QQP": {
        "acc": [
            0.865016077170418,
            0.01253734452119845
        ],
        "acc_and_f1": [
            0.850586157007767,
            0.012974629717762106
        ],
        "f1": [
            0.8361562368451156,
            0.013428097312679266
        ]
    },
    "RTE": {
        "acc": [
            0.6180505415162456,
            0.029364186870271116
        ]
    },
    "SST-2": {
        "acc": [
            0.9192660550458716,
            0.00199949492822967
        ]
    },
    "STS-B": {
        "corr": [
            0.7647885060301978,
            0.04222883963528703
        ],
        "pearson": [
            0.7646587996601776,
            0.04241652174346595
        ],
        "spearmanr": [
            0.7649182124002178,
            0.04210061381947426
        ]
    },
    "WNLI": {
        "acc": [
            0.3971830985915493,
            0.02423190216068345
        ]
    }
}