{
    "CoLA": {
        "mcc": [
            0.21039829552500605,
            0.15883197919360578
        ]
    },
    "MNLI": {
        "mnli-mm_acc": [
            0.7902563059397884,
            0.018021267387487463
        ],
        "mnli_acc": [
            0.7940906775343861,
            0.019936971336370696
        ]
    },
    "MRPC": {
        "acc": [
            0.75,
            0.05313598869774214
        ],
        "acc_and_f1": [
            0.7732961900772335,
            0.05762458616747774
        ],
        "f1": [
            0.7965923801544671,
            0.06216830290559073
        ]
    },
    "QNLI": {
        "acc": [
            0.790042101409482,
            0.02011947512807001
        ]
    },
    "QQP": {
        "acc": [
            0.8897254513974773,
            0.006982778288359008
        ],
        "acc_and_f1": [
            0.8729339561580549,
            0.012110932690912313
        ],
        "f1": [
            0.8561424609186323,
            0.017479036974687577
        ]
    },
    "RTE": {
        "acc": [
            0.6,
            0.024527491337852772
        ]
    },
    "SST-2": {
        "acc": [
            0.8862385321100918,
            0.012465759854771725
        ]
    },
    "STS-B": {
        "corr": [
            0.8721492084988833,
            0.006788959084395989
        ],
        "pearson": [
            0.8735270159753977,
            0.007228013182486166
        ],
        "spearmanr": [
            0.8707714010223689,
            0.006400368627392019
        ]
    },
    "WNLI": {
        "acc": [
            0.4225352112676056,
            0.058412510854444294
        ]
    }
}