{
    "CoLA": {
        "mcc": [
            0.35101899532077013,
            0.09525423691884118
        ]
    },
    "MNLI": {
        "mnli-mm_acc": [
            0.801179820992677,
            0.006931252448538831
        ],
        "mnli_acc": [
            0.8071726948548139,
            0.011086759333671928
        ]
    },
    "MRPC": {
        "acc": [
            0.6348039215686274,
            0.08297211215593507
        ],
        "acc_and_f1": [
            0.6388774872289377,
            0.0955621907241977
        ],
        "f1": [
            0.6429510528892479,
            0.10826745066073051
        ]
    },
    "QNLI": {
        "acc": [
            0.8587223137470253,
            0.008653736694646513
        ]
    },
    "QQP": {
        "acc": [
            0.8903536977491961,
            0.004260043590172237
        ],
        "acc_and_f1": [
            0.8727251645029531,
            0.008607369629755893
        ],
        "f1": [
            0.8550966312567102,
            0.013001276238814726
        ]
    },
    "RTE": {
        "acc": [
            0.615884476534296,
            0.04010958675041488
        ]
    },
    "SST-2": {
        "acc": [
            0.8967889908256881,
            0.0027137980656420095
        ]
    },
    "STS-B": {
        "corr": [
            0.8704072647178108,
            0.009054909782006817
        ],
        "pearson": [
            0.872128428227134,
            0.008660975098873328
        ],
        "spearmanr": [
            0.8686861012084878,
            0.00950475693368301
        ]
    },
    "WNLI": {
        "acc": [
            0.4084507042253521,
            0.05772930008991322
        ]
    }
}