{
    "CoLA": {
        "mcc": [
            0.5213243065039759,
            0.02386624620555598
        ]
    },
    "MNLI": {
        "mnli-mm_acc": [
            0.8161513425549227,
            0.009056210828645148
        ],
        "mnli_acc": [
            0.8150382068262862,
            0.009135977158707663
        ]
    },
    "MRPC": {
        "acc": [
            0.7259803921568627,
            0.02363131528077245
        ],
        "acc_and_f1": [
            0.7777731371489051,
            0.016335035237712642
        ],
        "f1": [
            0.8295658821409472,
            0.009354108232604293
        ]
    },
    "QNLI": {
        "acc": [
            0.8618341570565622,
            0.00906744313697982
        ]
    },
    "QQP": {
        "acc": [
            0.8775364828097947,
            0.008227598053845571
        ],
        "acc_and_f1": [
            0.8606804215523113,
            0.009228687683834166
        ],
        "f1": [
            0.8438243602948274,
            0.010465822800186262
        ]
    },
    "RTE": {
        "acc": [
            0.6093862815884477,
            0.022991600473777154
        ]
    },
    "SST-2": {
        "acc": [
            0.9185779816513762,
            0.0012562443979476313
        ]
    },
    "STS-B": {
        "corr": [
            0.7995038430517605,
            0.03417203919770625
        ],
        "pearson": [
            0.7964974232429973,
            0.036094168184880156
        ],
        "spearmanr": [
            0.8025102628605237,
            0.03251033055879199
        ]
    },
    "WNLI": {
        "acc": [
            0.43380281690140843,
            0.0703661746298411
        ]
    }
}