{
    "CoLA": {
        "mcc": [
            0.516972749554372,
            0.006931020894815865
        ]
    },
    "MNLI": {
        "mnli-mm_acc": [
            0.7795158665581773,
            0.006650038472818298
        ],
        "mnli_acc": [
            0.7791951095262354,
            0.0032548349243418325
        ]
    },
    "MRPC": {
        "acc": [
            0.7789215686274509,
            0.017903904282107523
        ],
        "acc_and_f1": [
            0.8094521552631649,
            0.011130606953730195
        ],
        "f1": [
            0.8399827418988789,
            0.008086323802272146
        ]
    },
    "QNLI": {
        "acc": [
            0.8389163463298553,
            0.007532218838772479
        ]
    },
    "QQP": {
        "acc": [
            0.8329161513727431,
            0.004941263263548764
        ],
        "acc_and_f1": [
            0.8105460297422968,
            0.01061635700358389
        ],
        "f1": [
            0.7881759081118507,
            0.02181164385140981
        ]
    },
    "RTE": {
        "acc": [
            0.6129963898916968,
            0.01319542735198345
        ]
    },
    "SST-2": {
        "acc": [
            0.8463302752293578,
            0.006956766462432617
        ]
    },
    "STS-B": {
        "corr": [
            0.8257097102569928,
            0.0145009685560434
        ],
        "pearson": [
            0.8227365655902913,
            0.01582255299766966
        ],
        "spearmanr": [
            0.8286828549236944,
            0.01372348951496117
        ]
    },
    "WNLI": {
        "acc": [
            0.4845070422535211,
            0.0875508184108172
        ]
    }
}