{
    "CoLA": {
        "mcc": [
            0.20032690951413562,
            0.13168229171138598
        ]
    },
    "MNLI": {
        "mnli-mm_acc": [
            0.819833197721725,
            0.00913717868323278
        ],
        "mnli_acc": [
            0.8176872134488029,
            0.00883891032208388
        ]
    },
    "MRPC": {
        "acc": [
            0.7333333333333333,
            0.02388417199035264
        ],
        "acc_and_f1": [
            0.7795288533301212,
            0.021425580372856683
        ],
        "f1": [
            0.8257243733269091,
            0.019069109622419554
        ]
    },
    "QNLI": {
        "acc": [
            0.8734028921837819,
            0.009662938887155394
        ]
    },
    "QQP": {
        "acc": [
            0.8995498392282958,
            0.007959071729337975
        ],
        "acc_and_f1": [
            0.8837907103487306,
            0.008828359470162
        ],
        "f1": [
            0.8680315814691653,
            0.009719975677525484
        ]
    },
    "RTE": {
        "acc": [
            0.5747292418772563,
            0.023551633834368372
        ]
    },
    "SST-2": {
        "acc": [
            0.9174311926605505,
            0.0033237102628874927
        ]
    },
    "STS-B": {
        "corr": [
            0.8230671430058057,
            0.07499168309711304
        ],
        "pearson": [
            0.8237814504831782,
            0.0755649735372623
        ],
        "spearmanr": [
            0.8223528355284335,
            0.07441916741360671
        ]
    },
    "WNLI": {
        "acc": [
            0.37183098591549296,
            0.07745198357671843
        ]
    }
}