{
    "CoLA": {
        "mcc": [
            0.032733838450866234,
            0.025192560577058334
        ]
    },
    "MNLI": {
        "mnli-mm_acc": [
            0.5307363710333604,
            0.015002830583872237
        ],
        "mnli_acc": [
            0.5082628629648498,
            0.014069352504834692
        ]
    },
    "MRPC": {
        "acc": [
            0.32156862745098036,
            0.008405111862491313
        ],
        "acc_and_f1": [
            0.1697471317294041,
            0.018644700680730403
        ],
        "f1": [
            0.017925636007827785,
            0.028885587515945853
        ]
    },
    "QNLI": {
        "acc": [
            0.6217096833241808,
            0.013511293083383278
        ]
    },
    "QQP": {
        "acc": [
            0.6552114766262676,
            0.005620891287365917
        ],
        "acc_and_f1": [
            0.40381886755701746,
            0.022073662763407845
        ],
        "f1": [
            0.1524262584877673,
            0.03856874177372671
        ]
    },
    "RTE": {
        "acc": [
            0.48519855595667866,
            0.018208693448257728
        ]
    },
    "SST-2": {
        "acc": [
            0.8096330275229358,
            0.00757228166019229
        ]
    },
    "STS-B": {
        "corr": [
            0.42869928152287445,
            0.01929330737183547
        ],
        "pearson": [
            0.4241990903746754,
            0.01434594407250807
        ],
        "spearmanr": [
            0.4331994726710735,
            0.025291502373954878
        ]
    },
    "WNLI": {
        "acc": [
            0.5436619718309859,
            0.0875508184108172
        ]
    }
}