{
    "CoLA": {
        "mcc": [
            0.5020237125259037,
            0.041925404597070295
        ]
    },
    "MNLI": {
        "mnli-mm_acc": [
            0.6868999186330349,
            0.009111329088058942
        ],
        "mnli_acc": [
            0.6890881304126337,
            0.003957856755091326
        ]
    },
    "MRPC": {
        "acc": [
            0.7725490196078431,
            0.03580109732649059
        ],
        "acc_and_f1": [
            0.8071398157069634,
            0.03695742252969928
        ],
        "f1": [
            0.8417306118060836,
            0.03816476768657668
        ]
    },
    "QNLI": {
        "acc": [
            0.7144060040270913,
            0.007257080082012888
        ]
    },
    "QQP": {
        "acc": [
            0.7823398466485284,
            0.05573434494351548
        ],
        "acc_and_f1": [
            0.688993759991084,
            0.10760456199121336
        ],
        "f1": [
            0.5956476733336398,
            0.15978072022897977
        ]
    },
    "RTE": {
        "acc": [
            0.5046931407942238,
            0.019561324453637653
        ]
    },
    "SST-2": {
        "acc": [
            0.8532110091743119,
            0.017209478424132143
        ]
    },
    "STS-B": {
        "corr": [
            0.8125030439022446,
            0.024648727624024872
        ],
        "pearson": [
            0.8164405625519852,
            0.020709603350912813
        ],
        "spearmanr": [
            0.8085655252525041,
            0.029161330088229225
        ]
    },
    "WNLI": {
        "acc": [
            0.4676056338028169,
            0.03260799127546542
        ]
    }
}