{
    "CoLA": {
        "mcc": [
            -0.009740085573135035,
            0.019017031175472553
        ]
    },
    "MNLI": {
        "mnli-mm_acc": [
            0.41472742066720913,
            0.05113646728349163
        ],
        "mnli_acc": [
            0.411777890983189,
            0.043554732122491
        ]
    },
    "MRPC": {
        "acc": [
            0.37107843137254903,
            0.04913222358166991
        ],
        "acc_and_f1": [
            0.2638471094445768,
            0.09068036117502669
        ],
        "f1": [
            0.1566157875166046,
            0.1322366709363283
        ]
    },
    "QNLI": {
        "acc": [
            0.5455976569650376,
            0.02077192863574835
        ]
    },
    "QQP": {
        "acc": [
            0.6615978233984665,
            0.029470648460202312
        ],
        "acc_and_f1": [
            0.44116377867596357,
            0.10277165096787862
        ],
        "f1": [
            0.2207297339534607,
            0.1763074997710793
        ]
    },
    "RTE": {
        "acc": [
            0.4866425992779783,
            0.0310888810709184
        ]
    },
    "SST-2": {
        "acc": [
            0.8091743119266056,
            0.003042775037023289
        ]
    },
    "STS-B": {
        "corr": [
            0.43646447220948803,
            0.17369096603237136
        ],
        "pearson": [
            0.4342186118011474,
            0.16226303771499184
        ],
        "spearmanr": [
            0.4387103326178286,
            0.18543018987481555
        ]
    },
    "WNLI": {
        "acc": [
            0.4788732394366197,
            0.05908782243212123
        ]
    }
}