{
    "CoLA": {
        "mcc": [
            -0.035447312970543376,
            0.048184448977063296
        ]
    },
    "MNLI": {
        "mnli-mm_acc": [
            0.37790886899918635,
            0.02112121304921916
        ],
        "mnli_acc": [
            0.3779113601630158,
            0.01872248082746945
        ]
    },
    "MRPC": {
        "acc": [
            0.5284313725490196,
            0.12635843940764221
        ],
        "acc_and_f1": [
            0.515987528369135,
            0.1796505163337697
        ],
        "f1": [
            0.5035436841892504,
            0.2339232522734389
        ]
    },
    "QNLI": {
        "acc": [
            0.5528098114589053,
            0.02886454911343163
        ]
    },
    "QQP": {
        "acc": [
            0.6440069255503339,
            0.017483347123344248
        ],
        "acc_and_f1": [
            0.5491844751783115,
            0.06540597852372237
        ],
        "f1": [
            0.4543620248062893,
            0.13747991090623196
        ]
    },
    "RTE": {
        "acc": [
            0.48447653429602894,
            0.025568131710650952
        ]
    },
    "SST-2": {
        "acc": [
            0.7793577981651375,
            0.017018905008338657
        ]
    },
    "STS-B": {
        "corr": [
            0.25032520987198686,
            0.10560309840378448
        ],
        "pearson": [
            0.25201252947570996,
            0.10028941642592197
        ],
        "spearmanr": [
            0.24863789026826372,
            0.11114556363879957
        ]
    },
    "WNLI": {
        "acc": [
            0.5070422535211268,
            0.06484994046885262
        ]
    }
}