{
    "CoLA": {
        "mcc": [
            -0.021134305828641835,
            0.043004360836805686
        ]
    },
    "MNLI": {
        "mnli-mm_acc": [
            0.5046379170056957,
            0.01777181460935505
        ],
        "mnli_acc": [
            0.49642384105960263,
            0.017243375402308074
        ]
    },
    "MRPC": {
        "acc": [
            0.7323529411764707,
            0.004752627311192515
        ],
        "acc_and_f1": [
            0.7810541982298644,
            0.004319559534988084
        ],
        "f1": [
            0.8297554552832584,
            0.005691017159675011
        ]
    },
    "QNLI": {
        "acc": [
            0.6627860150100677,
            0.026424756136469878
        ]
    },
    "QQP": {
        "acc": [
            0.720123670541677,
            0.026016292229970903
        ],
        "acc_and_f1": [
            0.6177130053655435,
            0.05114989508247111
        ],
        "f1": [
            0.5153023401894099,
            0.0775008233762572
        ]
    },
    "RTE": {
        "acc": [
            0.5018050541516246,
            0.023946749388847676
        ]
    },
    "SST-2": {
        "acc": [
            0.7837155963302752,
            0.010649712629581561
        ]
    },
    "STS-B": {
        "corr": [
            0.8119833954072446,
            0.0318351853971144
        ],
        "pearson": [
            0.8148268270877776,
            0.03308165504529521
        ],
        "spearmanr": [
            0.8091399637267115,
            0.03065322155438488
        ]
    },
    "WNLI": {
        "acc": [
            0.4676056338028169,
            0.07420811195672955
        ]
    }
}