{
    "CoLA": {
        "mcc": [
            0.5213626398770048,
            0.06119328995856617
        ]
    },
    "MNLI": {
        "mnli-mm_acc": [
            0.6035191212367779,
            0.04666660570209177
        ],
        "mnli_acc": [
            0.5947427407030055,
            0.04744994438669866
        ]
    },
    "MRPC": {
        "acc": [
            0.7622549019607844,
            0.04392660160239184
        ],
        "acc_and_f1": [
            0.8039799335390274,
            0.03333674651887664
        ],
        "f1": [
            0.8457049651172707,
            0.02307248578862667
        ]
    },
    "QNLI": {
        "acc": [
            0.647263408383672,
            0.05463704196795315
        ]
    },
    "QQP": {
        "acc": [
            0.8223645807568637,
            0.03921154728438644
        ],
        "acc_and_f1": [
            0.7822519807748519,
            0.05413985637699308
        ],
        "f1": [
            0.74213938079284,
            0.07052215086606765
        ]
    },
    "RTE": {
        "acc": [
            0.4967509025270759,
            0.0145483333426786
        ]
    },
    "SST-2": {
        "acc": [
            0.9011467889908259,
            0.0049934727195131276
        ]
    },
    "STS-B": {
        "corr": [
            0.7942864980975614,
            0.07383308616064237
        ],
        "pearson": [
            0.8005907936700183,
            0.06784923143596859
        ],
        "spearmanr": [
            0.7879822025251044,
            0.07988259500601999
        ]
    },
    "WNLI": {
        "acc": [
            0.4140845070422535,
            0.056055630259527874
        ]
    }
}