{
    "CoLA": {
        "mcc": [
            0.04576627859719622,
            0.03495919060016455
        ]
    },
    "MNLI": {
        "mnli-mm_acc": [
            0.5482912937347437,
            0.02872736436525186
        ],
        "mnli_acc": [
            0.5395415180845644,
            0.025987201633093978
        ]
    },
    "MRPC": {
        "acc": [
            0.7225490196078431,
            0.010329072306718373
        ],
        "acc_and_f1": [
            0.7723987566944108,
            0.013662864575573004
        ],
        "f1": [
            0.8222484937809785,
            0.01943947380989853
        ]
    },
    "QNLI": {
        "acc": [
            0.633864177192019,
            0.01623409571066304
        ]
    },
    "QQP": {
        "acc": [
            0.7393915409349494,
            0.04228138680552699
        ],
        "acc_and_f1": [
            0.6269669131136613,
            0.09113453880005905
        ],
        "f1": [
            0.5145422852923731,
            0.14044974844992442
        ]
    },
    "RTE": {
        "acc": [
            0.4996389891696752,
            0.031356029964777585
        ]
    },
    "SST-2": {
        "acc": [
            0.8222477064220183,
            0.01833428338689115
        ]
    },
    "STS-B": {
        "corr": [
            0.7958472495291626,
            0.030344451715887344
        ],
        "pearson": [
            0.7956356194363499,
            0.026995146803620234
        ],
        "spearmanr": [
            0.7960588796219754,
            0.03418080789689517
        ]
    },
    "WNLI": {
        "acc": [
            0.4647887323943662,
            0.07399394668486589
        ]
    }
}