{
    "CoLA": {
        "mcc": [
            -0.0035053461192378925,
            0.048535713085288035
        ]
    },
    "MNLI": {
        "mnli-mm_acc": [
            0.33372660699755896,
            0.007100520731251937
        ],
        "mnli_acc": [
            0.3317167600611309,
            0.006724524922066392
        ]
    },
    "MRPC": {
        "acc": [
            0.5122549019607844,
            0.02671456194791905
        ],
        "acc_and_f1": [
            0.5534197608083481,
            0.03148305646419491
        ],
        "f1": [
            0.5945846196559118,
            0.03834288888546798
        ]
    },
    "QNLI": {
        "acc": [
            0.5059857221306975,
            0.008421396037680088
        ]
    },
    "QQP": {
        "acc": [
            0.5277022013356418,
            0.030912557584498644
        ],
        "acc_and_f1": [
            0.43935344060593307,
            0.017369059317296202
        ],
        "f1": [
            0.35100467987622447,
            0.06515148895033765
        ]
    },
    "RTE": {
        "acc": [
            0.5270758122743683,
            0.03245083762345739
        ]
    },
    "SST-2": {
        "acc": [
            0.5009174311926606,
            0.018224927087448557
        ]
    },
    "STS-B": {
        "corr": [
            0.006716751968441492,
            0.0323242359505926
        ],
        "pearson": [
            0.005032136224769154,
            0.034046003772383204
        ],
        "spearmanr": [
            0.008401367712113831,
            0.030701574629253083
        ]
    },
    "WNLI": {
        "acc": [
            0.504225352112676,
            0.043090305748671454
        ]
    }
}