{
    "CoLA": {
        "mcc": [
            0.5776561026209833,
            0.011740210548804187
        ]
    },
    "MNLI": {
        "mnli-mm_acc": [
            0.8274206672091131,
            0.00690493507866906
        ],
        "mnli_acc": [
            0.8238206826286296,
            0.009780820172375112
        ]
    },
    "MRPC": {
        "acc": [
            0.8382352941176471,
            0.006756886643181457
        ],
        "acc_and_f1": [
            0.8634606874621109,
            0.004683090315428975
        ],
        "f1": [
            0.8886860808065749,
            0.0029822151382874478
        ]
    },
    "QNLI": {
        "acc": [
            0.9124656781987918,
            0.0037752622299825765
        ]
    },
    "QQP": {
        "acc": [
            0.9066139005688845,
            0.0031211504710566143
        ],
        "acc_and_f1": [
            0.8910243543347809,
            0.002703460611720352
        ],
        "f1": [
            0.8754348081006771,
            0.0026674651045425395
        ]
    },
    "RTE": {
        "acc": [
            0.6144404332129964,
            0.046981367465696575
        ]
    },
    "SST-2": {
        "acc": [
            0.9229357798165138,
            0.0019730103823492316
        ]
    },
    "STS-B": {
        "corr": [
            0.8371166856761866,
            0.0585585163354932
        ],
        "pearson": [
            0.8389706485392912,
            0.05813108232946606
        ],
        "spearmanr": [
            0.8352627228130819,
            0.0591108854259831
        ]
    },
    "WNLI": {
        "acc": [
            0.476056338028169,
            0.07258647169985988
        ]
    }
}