{
    "CoLA": {
        "mcc": [
            -0.029358700279550797,
            0.02818034018551204
        ]
    },
    "MNLI": {
        "mnli-mm_acc": [
            0.47392188771358834,
            0.027915406650295467
        ],
        "mnli_acc": [
            0.4651655629139073,
            0.02322694390997582
        ]
    },
    "MRPC": {
        "acc": [
            0.4681372549019608,
            0.1050781917167942
        ],
        "acc_and_f1": [
            0.42440297526967247,
            0.16503402979848647
        ],
        "f1": [
            0.38066869563738426,
            0.22532541554840313
        ]
    },
    "QNLI": {
        "acc": [
            0.60054914881933,
            0.029178222103484825
        ]
    },
    "QQP": {
        "acc": [
            0.6557655206529805,
            0.014800280329364892
        ],
        "acc_and_f1": [
            0.4196911175103839,
            0.06164041780565216
        ],
        "f1": [
            0.18361671436778734,
            0.10849896492325987
        ]
    },
    "RTE": {
        "acc": [
            0.49314079422382673,
            0.026880159522001845
        ]
    },
    "SST-2": {
        "acc": [
            0.7956422018348623,
            0.017230862358709114
        ]
    },
    "STS-B": {
        "corr": [
            0.5640744165216156,
            0.02352424379231364
        ],
        "pearson": [
            0.5342118713757713,
            0.023032687576301836
        ],
        "spearmanr": [
            0.5939369616674597,
            0.02920535338202357
        ]
    },
    "WNLI": {
        "acc": [
            0.5014084507042254,
            0.052397395035882484
        ]
    }
}