{
    "CoLA": {
        "mcc": [
            0.5255559048566475,
            0.043130711016219035
        ]
    },
    "MNLI": {
        "mnli-mm_acc": [
            0.7303702196908055,
            0.09324422103507905
        ],
        "mnli_acc": [
            0.7396637799286806,
            0.08751836566394289
        ]
    },
    "MRPC": {
        "acc": [
            0.7725490196078432,
            0.060780360402750144
        ],
        "acc_and_f1": [
            0.8024130322582946,
            0.05767107272382481
        ],
        "f1": [
            0.8322770449087462,
            0.0549215205224759
        ]
    },
    "QNLI": {
        "acc": [
            0.8460918909024345,
            0.014554182004059923
        ]
    },
    "QQP": {
        "acc": [
            0.8117932228543161,
            0.06802328840887485
        ],
        "acc_and_f1": [
            0.7357043351927344,
            0.1161807166406115
        ],
        "f1": [
            0.6596154475311528,
            0.16436410965706824
        ]
    },
    "RTE": {
        "acc": [
            0.5689530685920577,
            0.01085436561615372
        ]
    },
    "SST-2": {
        "acc": [
            0.9004587155963304,
            0.020837506245383254
        ]
    },
    "STS-B": {
        "corr": [
            0.5655853802007815,
            0.3175301251924067
        ],
        "pearson": [
            0.5618706100203802,
            0.32598788791624306
        ],
        "spearmanr": [
            0.5693001503811828,
            0.30911244393514953
        ]
    },
    "WNLI": {
        "acc": [
            0.46478873239436613,
            0.03449985553215743
        ]
    }
}