{
    "CoLA": {
        "mcc": [
            0.05899482446052854,
            0.08382277668177564
        ]
    },
    "MNLI": {
        "mnli-mm_acc": [
            0.6846013018714402,
            0.012237041054131962
        ],
        "mnli_acc": [
            0.6662455425369332,
            0.011895057492955802
        ]
    },
    "MRPC": {
        "acc": [
            0.7348039215686275,
            0.024480374488595632
        ],
        "acc_and_f1": [
            0.7811880525480869,
            0.020217456145587096
        ],
        "f1": [
            0.8275721835275464,
            0.020453472280314494
        ]
    },
    "QNLI": {
        "acc": [
            0.7365550064067363,
            0.029566540524247828
        ]
    },
    "QQP": {
        "acc": [
            0.7302448676725204,
            0.060497811620951955
        ],
        "acc_and_f1": [
            0.5882689402824656,
            0.12431388882570207
        ],
        "f1": [
            0.4462930128924107,
            0.18842820404885188
        ]
    },
    "RTE": {
        "acc": [
            0.4967509025270759,
            0.020242376561554063
        ]
    },
    "SST-2": {
        "acc": [
            0.8653669724770643,
            0.008351899750473887
        ]
    },
    "STS-B": {
        "corr": [
            0.824325513180438,
            0.045055053195239544
        ],
        "pearson": [
            0.8226752720270122,
            0.05272252732121882
        ],
        "spearmanr": [
            0.8259757543338638,
            0.03742032565339661
        ]
    },
    "WNLI": {
        "acc": [
            0.5070422535211268,
            0.041781399927299526
        ]
    }
}