{
    "CoLA": {
        "mcc": [
            0.3136996165454247,
            0.19902070908859956
        ]
    },
    "MNLI": {
        "mnli-mm_acc": [
            0.7052278275020342,
            0.04778631355566162
        ],
        "mnli_acc": [
            0.6923076923076923,
            0.049319644284075585
        ]
    },
    "MRPC": {
        "acc": [
            0.5642156862745098,
            0.14284317089910378
        ],
        "acc_and_f1": [
            0.5500722576606802,
            0.20531319370242798
        ],
        "f1": [
            0.5359288290468507,
            0.2690333468978391
        ]
    },
    "QNLI": {
        "acc": [
            0.5070840197693576,
            0.011672997478823893
        ]
    },
    "QQP": {
        "acc": [
            0.855552807321296,
            0.025815314840248307
        ],
        "acc_and_f1": [
            0.8262567158113058,
            0.03478174902819378
        ],
        "f1": [
            0.7969606243013152,
            0.04413023618684891
        ]
    },
    "RTE": {
        "acc": [
            0.5379061371841155,
            0.04356130867580754
        ]
    },
    "SST-2": {
        "acc": [
            0.9073394495412843,
            0.007121181053330283
        ]
    },
    "STS-B": {
        "corr": [
            0.7260624096203401,
            0.07364555896337749
        ],
        "pearson": [
            0.7389507995917309,
            0.06768286597622078
        ],
        "spearmanr": [
            0.7131740196489492,
            0.08011868922472783
        ]
    },
    "WNLI": {
        "acc": [
            0.49577464788732384,
            0.049114354293416054
        ]
    }
}