{
    "CoLA": {
        "mcc": [
            0.12806228766716954,
            0.05351629621526238
        ]
    },
    "MNLI": {
        "mnli-mm_acc": [
            0.34686737184703015,
            0.016914937621072455
        ],
        "mnli_acc": [
            0.34282221090168113,
            0.01283302932831106
        ]
    },
    "MRPC": {
        "acc": [
            0.3897058823529412,
            0.14705882352941177
        ],
        "acc_and_f1": [
            0.2760756486000514,
            0.2359748266118675
        ],
        "f1": [
            0.16244541484716157,
            0.32489082969432315
        ]
    },
    "QNLI": {
        "acc": [
            0.5563609738239063,
            0.03125072288763985
        ]
    },
    "QQP": {
        "acc": [
            0.6319020529309919,
            0.00013851100667818808
        ],
        "acc_and_f1": [
            0.31868501822427675,
            0.00553723902090073
        ],
        "f1": [
            0.0054679835175616455,
            0.010935967035123291
        ]
    },
    "RTE": {
        "acc": [
            0.5169675090252708,
            0.02206600258474532
        ]
    },
    "SST-2": {
        "acc": [
            0.5408256880733944,
            0.024279448619852723
        ]
    },
    "STS-B": {
        "corr": [
            0.3900277161807519,
            0.06258211814393744
        ],
        "pearson": [
            0.3787277859632452,
            0.06165563780029341
        ],
        "spearmanr": [
            0.4013276463982586,
            0.0639609152930628
        ]
    },
    "WNLI": {
        "acc": [
            0.5380281690140845,
            0.0507042253521127
        ]
    }
}