{
    "CoLA": {
        "mcc": [
            0.5023434920866007,
            0.03251602988878107
        ]
    },
    "MNLI": {
        "mnli-mm_acc": [
            0.6597233523189585,
            0.023154191939170444
        ],
        "mnli_acc": [
            0.6515944982170148,
            0.025284663748614118
        ]
    },
    "MRPC": {
        "acc": [
            0.6985294117647058,
            0.0651794907395869
        ],
        "acc_and_f1": [
            0.7225986573063337,
            0.07793609970918403
        ],
        "f1": [
            0.7466679028479615,
            0.09124086768263374
        ]
    },
    "QNLI": {
        "acc": [
            0.6726340838367197,
            0.08612390415317801
        ]
    },
    "QQP": {
        "acc": [
            0.6624338362602028,
            0.04767862975215358
        ],
        "acc_and_f1": [
            0.5705964976294002,
            0.13915745544274657
        ],
        "f1": [
            0.4787591589985977,
            0.2598253254704932
        ]
    },
    "RTE": {
        "acc": [
            0.532129963898917,
            0.034218037865914194
        ]
    },
    "SST-2": {
        "acc": [
            0.7373853211009174,
            0.06024736484662246
        ]
    },
    "STS-B": {
        "corr": [
            0.6179687699577722,
            0.08224024191332369
        ],
        "pearson": [
            0.6143382723498805,
            0.08361840313057989
        ],
        "spearmanr": [
            0.6215992675656636,
            0.08106693951076446
        ]
    },
    "WNLI": {
        "acc": [
            0.5408450704225352,
            0.052397395035882484
        ]
    }
}