{
    "CoLA": {
        "mcc": [
            0.0,
            0.0
        ]
    },
    "MNLI": {
        "mnli-mm_acc": [
            0.318246541903987,
            0.0
        ],
        "mnli_acc": [
            0.31818644931227713,
            0.0
        ]
    },
    "MRPC": {
        "acc": [
            0.3897058823529412,
            0.14705882352941177
        ],
        "acc_and_f1": [
            0.2760756486000514,
            0.2359748266118675
        ],
        "f1": [
            0.16244541484716157,
            0.32489082969432315
        ]
    },
    "QNLI": {
        "acc": [
            0.5053999633900788,
            0.0
        ]
    },
    "QQP": {
        "acc": [
            0.6318327974276527,
            0.0
        ],
        "acc_and_f1": [
            0.3159163987138264,
            0.0
        ],
        "f1": [
            0.0,
            0.0
        ]
    },
    "RTE": {
        "acc": [
            0.4837545126353791,
            0.0216606498194946
        ]
    },
    "SST-2": {
        "acc": [
            0.49816513761467884,
            0.008988953184525398
        ]
    },
    "STS-B": {
        "corr": [
            0.04143672273639624,
            0.059746661680873975
        ],
        "pearson": [
            0.0426323106700384,
            0.0546073886339249
        ],
        "spearmanr": [
            0.040241134802754076,
            0.06531774326322991
        ]
    },
    "WNLI": {
        "acc": [
            0.5380281690140845,
            0.0507042253521127
        ]
    }
}