{
    "CoLA": {
        "mcc": [
            0.15371926135656183,
            0.13290317143325778
        ]
    },
    "MNLI": {
        "mnli-mm_acc": [
            0.7505085435313263,
            0.012903945140773894
        ],
        "mnli_acc": [
            0.7468976057055527,
            0.012769292186157495
        ]
    },
    "MRPC": {
        "acc": [
            0.6931372549019607,
            0.007336583111321459
        ],
        "acc_and_f1": [
            0.7482093453491497,
            0.005518873435679946
        ],
        "f1": [
            0.8032814357963387,
            0.0038190937404827176
        ]
    },
    "QNLI": {
        "acc": [
            0.7622917810726706,
            0.06943393699414148
        ]
    },
    "QQP": {
        "acc": [
            0.8287954489240661,
            0.03626532947012445
        ],
        "acc_and_f1": [
            0.7893710163044257,
            0.06732463359503169
        ],
        "f1": [
            0.7499465836847853,
            0.09852840483983166
        ]
    },
    "RTE": {
        "acc": [
            0.5032490974729242,
            0.025486444180105115
        ]
    },
    "SST-2": {
        "acc": [
            0.8477064220183486,
            0.003432713198875157
        ]
    },
    "STS-B": {
        "corr": [
            0.11422878968592767,
            0.020149472309153857
        ],
        "pearson": [
            0.11693978272476604,
            0.02302702874401935
        ],
        "spearmanr": [
            0.11151779664708923,
            0.017860921115662738
        ]
    },
    "WNLI": {
        "acc": [
            0.5633802816901409,
            0.0
        ]
    }
}