{
    "CoLA": {
        "mcc": [
            -0.014782928226697712,
            0.020215861374632344
        ]
    },
    "MNLI": {
        "mnli-mm_acc": [
            0.3868185516680228,
            0.008378081432465165
        ],
        "mnli_acc": [
            0.38787570045848196,
            0.005230575141849025
        ]
    },
    "MRPC": {
        "acc": [
            0.3730392156862746,
            0.03322502588790302
        ],
        "acc_and_f1": [
            0.2623628628877091,
            0.05772758084986825
        ],
        "f1": [
            0.1516865100891437,
            0.08223438683424543
        ]
    },
    "QNLI": {
        "acc": [
            0.5775581182500458,
            0.029116144525177648
        ]
    },
    "QQP": {
        "acc": [
            0.6239129359386595,
            0.04549609502532241
        ],
        "acc_and_f1": [
            0.5829963833210352,
            0.013278999202271553
        ],
        "f1": [
            0.5420798307034109,
            0.02428257869411174
        ]
    },
    "RTE": {
        "acc": [
            0.4815884476534296,
            0.019319982902902003
        ]
    },
    "SST-2": {
        "acc": [
            0.4970183486238532,
            0.0045061657578872585
        ]
    },
    "STS-B": {
        "corr": [
            0.6555600793002977,
            0.016318077135498123
        ],
        "pearson": [
            0.648808253010482,
            0.018513517463704898
        ],
        "spearmanr": [
            0.6623119055901135,
            0.014843110569730913
        ]
    },
    "WNLI": {
        "acc": [
            0.4901408450704225,
            0.049915620131462966
        ]
    }
}