{
    "CoLA": {
        "mcc": [
            0.49175757211963866,
            0.016365772631686638
        ]
    },
    "MNLI": {
        "mnli-mm_acc": [
            0.7657445077298617,
            0.0031476503065719632
        ],
        "mnli_acc": [
            0.7610799796230261,
            0.0027452253867157393
        ]
    },
    "MRPC": {
        "acc": [
            0.7112745098039216,
            0.0036021907982105427
        ],
        "acc_and_f1": [
            0.7651999518424668,
            0.0013304189107230576
        ],
        "f1": [
            0.8191253938810122,
            0.0017879798458445611
        ]
    },
    "QNLI": {
        "acc": [
            0.8317041918359875,
            0.0030708719715190733
        ]
    },
    "QQP": {
        "acc": [
            0.8693692802374475,
            0.0013285324848282087
        ],
        "acc_and_f1": [
            0.8492052253684298,
            0.00127912932154085
        ],
        "f1": [
            0.8290411704994118,
            0.001239793983779636
        ]
    },
    "RTE": {
        "acc": [
            0.5003610108303249,
            0.029996502639481577
        ]
    },
    "SST-2": {
        "acc": [
            0.8353211009174313,
            0.002470259085841519
        ]
    },
    "STS-B": {
        "corr": [
            0.8038854316936751,
            0.004334087052112467
        ],
        "pearson": [
            0.8049506250127724,
            0.00410073998625266
        ],
        "spearmanr": [
            0.8028202383745778,
            0.005129765564822725
        ]
    },
    "WNLI": {
        "acc": [
            0.5633802816901409,
            0.0
        ]
    }
}