{
    "CoLA": {
        "mcc": [
            0.010838939289531377,
            0.014520764246405414
        ]
    },
    "MNLI": {
        "mnli-mm_acc": [
            0.3340927583401139,
            0.015656455623232972
        ],
        "mnli_acc": [
            0.33369332654100864,
            0.017039634574199675
        ]
    },
    "MRPC": {
        "acc": [
            0.3897058823529412,
            0.14705882352941177
        ],
        "acc_and_f1": [
            0.2760756486000514,
            0.2359748266118675
        ],
        "f1": [
            0.16244541484716157,
            0.32489082969432315
        ]
    },
    "QNLI": {
        "acc": [
            0.5041918359875526,
            0.008687126249672713
        ]
    },
    "QQP": {
        "acc": [
            0.6153895622062825,
            0.03824096455697984
        ],
        "acc_and_f1": [
            0.3627695272061263,
            0.06940566715039474
        ],
        "f1": [
            0.11014949220597028,
            0.17471186594141547
        ]
    },
    "RTE": {
        "acc": [
            0.48447653429602894,
            0.011507131733219662
        ]
    },
    "SST-2": {
        "acc": [
            0.4972477064220183,
            0.006749513288789963
        ]
    },
    "STS-B": {
        "corr": [
            0.2022048854650747,
            0.09527148029439303
        ],
        "pearson": [
            0.201499833374526,
            0.09518709948796769
        ],
        "spearmanr": [
            0.20290993755562337,
            0.09553062721646569
        ]
    },
    "WNLI": {
        "acc": [
            0.5352112676056338,
            0.049596667215940894
        ]
    }
}