{
    "CoLA": {
        "mcc": [
            0.351820264365199,
            0.12837376757525323
        ]
    },
    "MNLI": {
        "mnli-mm_acc": [
            0.5872457282343369,
            0.0847023217695453
        ],
        "mnli_acc": [
            0.5865511971472236,
            0.07632377801776202
        ]
    },
    "MRPC": {
        "acc": [
            0.32009803921568625,
            0.007843137254901955
        ],
        "acc_and_f1": [
            0.16698913708250726,
            0.01608161647370202
        ],
        "f1": [
            0.013880234949328277,
            0.024358231488316756
        ]
    },
    "QNLI": {
        "acc": [
            0.5684056379278785,
            0.05136952516113331
        ]
    },
    "QQP": {
        "acc": [
            0.6284244372990353,
            0.011140385174611491
        ],
        "acc_and_f1": [
            0.3300006912565708,
            0.013112629717731064
        ],
        "f1": [
            0.03157694521410616,
            0.02340219940228569
        ]
    },
    "RTE": {
        "acc": [
            0.5083032490974728,
            0.03264304564753014
        ]
    },
    "SST-2": {
        "acc": [
            0.6027522935779815,
            0.08592381084971029
        ]
    },
    "STS-B": {
        "corr": [
            0.26833026734003373,
            0.19264443810283763
        ],
        "pearson": [
            0.2631072859988605,
            0.19011107751834458
        ],
        "spearmanr": [
            0.2735532486812069,
            0.19559106471527068
        ]
    },
    "WNLI": {
        "acc": [
            0.4591549295774648,
            0.027599884425725967
        ]
    }
}