{
    "CoLA": {
        "mcc": [
            0.5458704202127456,
            0.011235298235463473
        ]
    },
    "MNLI": {
        "mnli-mm_acc": [
            0.8429820992676973,
            0.0010479452296494197
        ],
        "mnli_acc": [
            0.8439938869077942,
            0.00123006730700248
        ]
    },
    "MRPC": {
        "acc": [
            0.8323529411764706,
            0.011348859708617869
        ],
        "acc_and_f1": [
            0.8577153218726046,
            0.00847117910155706
        ],
        "f1": [
            0.8830777025687384,
            0.00608590668004135
        ]
    },
    "QNLI": {
        "acc": [
            0.9022149002379646,
            0.002475978534711446
        ]
    },
    "QQP": {
        "acc": [
            0.9034182537719515,
            0.0011796276872254455
        ],
        "acc_and_f1": [
            0.8898288335572795,
            0.0009004643088798904
        ],
        "f1": [
            0.8762394133426076,
            0.0010339876736895877
        ]
    },
    "RTE": {
        "acc": [
            0.6216606498194945,
            0.027436823104693142
        ]
    },
    "SST-2": {
        "acc": [
            0.9231651376146788,
            0.0010257192557338176
        ]
    },
    "STS-B": {
        "corr": [
            0.8838579876334431,
            0.005473830494723117
        ],
        "pearson": [
            0.8854438340896216,
            0.005298758641615132
        ],
        "spearmanr": [
            0.8822721411772647,
            0.005692401283434083
        ]
    },
    "WNLI": {
        "acc": [
            0.3577464788732394,
            0.04327406055137244
        ]
    }
}