{
    "CoLA": {
        "mcc": [
            0.5137062870324126,
            0.018051317567474082
        ]
    },
    "MNLI": {
        "mnli-mm_acc": [
            0.8093572009764036,
            0.007355895407609563
        ],
        "mnli_acc": [
            0.8165461029037189,
            0.0065598666777423485
        ]
    },
    "MRPC": {
        "acc": [
            0.8200980392156862,
            0.016810223724982608
        ],
        "acc_and_f1": [
            0.8477972052886061,
            0.011904648999796692
        ],
        "f1": [
            0.8754963713615259,
            0.007274927673136585
        ]
    },
    "QNLI": {
        "acc": [
            0.872267984623833,
            0.0055683196850275386
        ]
    },
    "QQP": {
        "acc": [
            0.8882512985406876,
            0.006105167613706256
        ],
        "acc_and_f1": [
            0.8754846990080637,
            0.00550096100236948
        ],
        "f1": [
            0.8627180994754399,
            0.004928406995295975
        ]
    },
    "RTE": {
        "acc": [
            0.6151624548736463,
            0.023793873001132247
        ]
    },
    "SST-2": {
        "acc": [
            0.9231651376146788,
            0.002809047870164192
        ]
    },
    "STS-B": {
        "corr": [
            0.8806783845091946,
            0.005881150967844627
        ],
        "pearson": [
            0.8820230921660561,
            0.005568314021929785
        ],
        "spearmanr": [
            0.879333676852333,
            0.006265130056154565
        ]
    },
    "WNLI": {
        "acc": [
            0.3577464788732394,
            0.044181372229177826
        ]
    }
}