{
    "CoLA": {
        "mcc": [
            0.4293702600079229,
            0.027249456632547055
        ]
    },
    "MNLI": {
        "mnli-mm_acc": [
            0.755593978844589,
            0.024402714508357414
        ],
        "mnli_acc": [
            0.7666428935303108,
            0.01780212967413942
        ]
    },
    "MRPC": {
        "acc": [
            0.775,
            0.027485972095835674
        ],
        "acc_and_f1": [
            0.8081400735458086,
            0.021281124980442136
        ],
        "f1": [
            0.8412801470916174,
            0.017886277545474137
        ]
    },
    "QNLI": {
        "acc": [
            0.8113856855207761,
            0.010743374617718788
        ]
    },
    "QQP": {
        "acc": [
            0.8251199604254266,
            0.02491359364194745
        ],
        "acc_and_f1": [
            0.8155178130430814,
            0.022976211547266524
        ],
        "f1": [
            0.805915665660736,
            0.021039094554100937
        ]
    },
    "RTE": {
        "acc": [
            0.5891696750902528,
            0.01604773340858692
        ]
    },
    "SST-2": {
        "acc": [
            0.9217889908256881,
            0.0035084996653161147
        ]
    },
    "STS-B": {
        "corr": [
            0.8661690752686049,
            0.00954607530112941
        ],
        "pearson": [
            0.8656344040757868,
            0.008455409242424553
        ],
        "spearmanr": [
            0.8667037464614229,
            0.011058241464755111
        ]
    },
    "WNLI": {
        "acc": [
            0.3971830985915493,
            0.04747126632775413
        ]
    }
}