{
    "CoLA": {
        "mcc": [
            0.5425415914569508,
            0.011359495706464513
        ]
    },
    "MNLI": {
        "mnli-mm_acc": [
            0.8436330349877948,
            0.0011871632596757557
        ],
        "mnli_acc": [
            0.8447070809984718,
            0.0017355153825668866
        ]
    },
    "MRPC": {
        "acc": [
            0.8333333333333334,
            0.012106950034537711
        ],
        "acc_and_f1": [
            0.858595431566903,
            0.009106613672794243
        ],
        "f1": [
            0.8838575298004724,
            0.006508715816994127
        ]
    },
    "QNLI": {
        "acc": [
            0.9045945451217279,
            0.0018573898435241816
        ]
    },
    "QQP": {
        "acc": [
            0.9058471432104872,
            0.0008928430708031358
        ],
        "acc_and_f1": [
            0.8919779424055261,
            0.001136545298019949
        ],
        "f1": [
            0.8781087416005647,
            0.0014713203099878788
        ]
    },
    "RTE": {
        "acc": [
            0.6252707581227437,
            0.02686075846604803
        ]
    },
    "SST-2": {
        "acc": [
            0.925,
            0.0009174311926605727
        ]
    },
    "STS-B": {
        "corr": [
            0.883896273727407,
            0.005168933446872879
        ],
        "pearson": [
            0.8854628279676101,
            0.004969427087930577
        ],
        "spearmanr": [
            0.8823297194872041,
            0.005408574558855411
        ]
    },
    "WNLI": {
        "acc": [
            0.3577464788732394,
            0.04507042253521127
        ]
    }
}