{
    "CoLA": {
        "mcc": [
            0.473448105647869,
            0.016713937354044184
        ]
    },
    "MNLI": {
        "mnli-mm_acc": [
            0.8197925142392188,
            0.005955789497879758
        ],
        "mnli_acc": [
            0.8231074885379522,
            0.0039038793731482058
        ]
    },
    "MRPC": {
        "acc": [
            0.7901960784313726,
            0.025310452242010943
        ],
        "acc_and_f1": [
            0.8218979076711286,
            0.01868649425263724
        ],
        "f1": [
            0.8535997369108845,
            0.013563003532570238
        ]
    },
    "QNLI": {
        "acc": [
            0.868973091707853,
            0.004321521701490047
        ]
    },
    "QQP": {
        "acc": [
            0.8740489735345041,
            0.00852507466064849
        ],
        "acc_and_f1": [
            0.8616839435265238,
            0.007882629250829996
        ],
        "f1": [
            0.8493189135185435,
            0.007243058677686052
        ]
    },
    "RTE": {
        "acc": [
            0.6072202166064983,
            0.01969412519420338
        ]
    },
    "SST-2": {
        "acc": [
            0.9217889908256881,
            0.002846255423392398
        ]
    },
    "STS-B": {
        "corr": [
            0.8737580162510128,
            0.007212273114948662
        ],
        "pearson": [
            0.8737505445186924,
            0.006456321018655
        ],
        "spearmanr": [
            0.8737654879833332,
            0.008328425914922482
        ]
    },
    "WNLI": {
        "acc": [
            0.39154929577464787,
            0.042159519850973985
        ]
    }
}