{
    "CoLA": {
        "mcc": [
            0.4949622145081373,
            0.014052053148725575
        ]
    },
    "MNLI": {
        "mnli-mm_acc": [
            0.8430024410089503,
            0.0028337148057666667
        ],
        "mnli_acc": [
            0.8398573611818645,
            0.0017138476742385408
        ]
    },
    "MRPC": {
        "acc": [
            0.8063725490196079,
            0.014623954794290503
        ],
        "acc_and_f1": [
            0.8350800524097816,
            0.011759236713724076
        ],
        "f1": [
            0.8637875557999551,
            0.01019666004164501
        ]
    },
    "QNLI": {
        "acc": [
            0.9020318506315211,
            0.0021233754347428284
        ]
    },
    "QQP": {
        "acc": [
            0.8944941874845412,
            0.0026872035033787688
        ],
        "acc_and_f1": [
            0.8810135158902502,
            0.002326858543847977
        ],
        "f1": [
            0.8675328442959593,
            0.0020214447514734354
        ]
    },
    "RTE": {
        "acc": [
            0.607942238267148,
            0.016871222304040326
        ]
    },
    "SST-2": {
        "acc": [
            0.923165137614679,
            0.002809047870164192
        ]
    },
    "STS-B": {
        "corr": [
            0.8785489150598604,
            0.006088193352945643
        ],
        "pearson": [
            0.8791333579454983,
            0.005772220260812134
        ],
        "spearmanr": [
            0.8779644721742225,
            0.006633639737636047
        ]
    },
    "WNLI": {
        "acc": [
            0.39436619718309857,
            0.044539121974202525
        ]
    }
}