{
    "CoLA": {
        "mcc": [
            0.47260372975444087,
            0.017531457234108663
        ]
    },
    "MNLI": {
        "mnli-mm_acc": [
            0.8193449959316517,
            0.007631108730306587
        ],
        "mnli_acc": [
            0.8231482424859907,
            0.004526441039849961
        ]
    },
    "MRPC": {
        "acc": [
            0.784313725490196,
            0.02208603985503687
        ],
        "acc_and_f1": [
            0.8164690302676118,
            0.016075351664965994
        ],
        "f1": [
            0.8486243350450271,
            0.012196683048415634
        ]
    },
    "QNLI": {
        "acc": [
            0.8671059857221307,
            0.0036204972550103963
        ]
    },
    "QQP": {
        "acc": [
            0.8659065050704923,
            0.012825026093654357
        ],
        "acc_and_f1": [
            0.8538794298335137,
            0.011873998368643644
        ],
        "f1": [
            0.8418523545965353,
            0.010925566277872433
        ]
    },
    "RTE": {
        "acc": [
            0.6086642599277978,
            0.019454431170119104
        ]
    },
    "SST-2": {
        "acc": [
            0.9220183486238532,
            0.0026150812502273506
        ]
    },
    "STS-B": {
        "corr": [
            0.8741376116088162,
            0.0076354328760538616
        ],
        "pearson": [
            0.8743064923895936,
            0.007041803742069514
        ],
        "spearmanr": [
            0.8739687308280389,
            0.008557579427495916
        ]
    },
    "WNLI": {
        "acc": [
            0.39436619718309857,
            0.04713577614276481
        ]
    }
}