{
    "CoLA": {
        "mcc": [
            0.054051832305259416,
            0.05182658500334438
        ]
    },
    "MNLI": {
        "mnli-mm_acc": [
            0.35591944670463793,
            0.02046470159918411
        ],
        "mnli_acc": [
            0.3486092715231788,
            0.01585029967673217
        ]
    },
    "MRPC": {
        "acc": [
            0.31666666666666665,
            0.0009803921568627416
        ],
        "acc_and_f1": [
            0.1740909090909091,
            0.03200534759358289
        ],
        "f1": [
            0.03151515151515152,
            0.06303030303030303
        ]
    },
    "QNLI": {
        "acc": [
            0.5139300750503386,
            0.015260058645599865
        ]
    },
    "QQP": {
        "acc": [
            0.6318674251793223,
            6.925550333911622e-05
        ],
        "acc_and_f1": [
            0.3160679587972058,
            0.00030312016675884126
        ],
        "f1": [
            0.0002684924150892737,
            0.0005369848301785474
        ]
    },
    "RTE": {
        "acc": [
            0.4729241877256317,
            5.551115123125783e-17
        ]
    },
    "SST-2": {
        "acc": [
            0.531880733944954,
            0.053800906096865164
        ]
    },
    "STS-B": {
        "corr": [
            0.12596041953800774,
            0.024294699924708403
        ],
        "pearson": [
            0.12416863816107844,
            0.026535175824577376
        ],
        "spearmanr": [
            0.12775220091493703,
            0.022680574250569525
        ]
    },
    "WNLI": {
        "acc": [
            0.5380281690140845,
            0.0507042253521127
        ]
    }
}