{
    "CoLA": {
        "mcc": [
            0.009588644920770535,
            0.01917728984154107
        ]
    },
    "MNLI": {
        "mnli-mm_acc": [
            0.7195077298616761,
            0.026482837860762994
        ],
        "mnli_acc": [
            0.7173306164034641,
            0.02318382103620686
        ]
    },
    "MRPC": {
        "acc": [
            0.696078431372549,
            0.01853693176587162
        ],
        "acc_and_f1": [
            0.7523798688233361,
            0.01615149719952898
        ],
        "f1": [
            0.8086813062741234,
            0.014059336296580701
        ]
    },
    "QNLI": {
        "acc": [
            0.7743364451766428,
            0.08320810961244418
        ]
    },
    "QQP": {
        "acc": [
            0.7433094236952759,
            0.1456830641043063
        ],
        "acc_and_f1": [
            0.7251959387471072,
            0.11670156802162034
        ],
        "f1": [
            0.7070824537989384,
            0.1020870303052846
        ]
    },
    "RTE": {
        "acc": [
            0.5342960288808665,
            0.03228979028880563
        ]
    },
    "SST-2": {
        "acc": [
            0.8139908256880733,
            0.0959538297638135
        ]
    },
    "STS-B": {
        "corr": [
            0.4800848248356601,
            0.21623976107461568
        ],
        "pearson": [
            0.4831244380620386,
            0.2162692499201901
        ],
        "spearmanr": [
            0.4770452116092816,
            0.2162337591806473
        ]
    },
    "WNLI": {
        "acc": [
            0.36338028169014086,
            0.07092776513810801
        ]
    }
}