{
    "CoLA": {
        "mcc": [
            0.5320705918868252,
            0.03160843255812238
        ]
    },
    "MNLI": {
        "mnli-mm_acc": [
            0.8445484133441823,
            0.0033317015119140895
        ],
        "mnli_acc": [
            0.8415078960774325,
            0.002963151152092097
        ]
    },
    "MRPC": {
        "acc": [
            0.8338235294117646,
            0.010212091498039063
        ],
        "acc_and_f1": [
            0.857100771863694,
            0.008900913327575075
        ],
        "f1": [
            0.8803780143156233,
            0.007806154114831053
        ]
    },
    "QNLI": {
        "acc": [
            0.9121727988284827,
            0.0010445061407788358
        ]
    },
    "QQP": {
        "acc": [
            0.9074152856789514,
            0.002393791488223539
        ],
        "acc_and_f1": [
            0.8920006891435452,
            0.0028743712496788762
        ],
        "f1": [
            0.8765860926081389,
            0.00335878120156549
        ]
    },
    "RTE": {
        "acc": [
            0.6303249097472924,
            0.04088198604156556
        ]
    },
    "SST-2": {
        "acc": [
            0.9275229357798166,
            0.0019730103823492467
        ]
    },
    "STS-B": {
        "corr": [
            0.8816102953606052,
            0.006519336636897749
        ],
        "pearson": [
            0.8831776699415828,
            0.006709688489787521
        ],
        "spearmanr": [
            0.8800429207796274,
            0.006344188034608802
        ]
    },
    "WNLI": {
        "acc": [
            0.3549295774647887,
            0.04400140662482623
        ]
    }
}