{
    "CoLA": {
        "mcc": [
            0.5703740300966509,
            0.007129225718840032
        ]
    },
    "MNLI": {
        "mnli-mm_acc": [
            0.8430431244914566,
            0.0038372094784545575
        ],
        "mnli_acc": [
            0.8410392256749872,
            0.002461653163686677
        ]
    },
    "MRPC": {
        "acc": [
            0.8323529411764706,
            0.009998077477632924
        ],
        "acc_and_f1": [
            0.8590535142885191,
            0.008495783149314673
        ],
        "f1": [
            0.8857540874005677,
            0.007030106052415398
        ]
    },
    "QNLI": {
        "acc": [
            0.9093172249679663,
            0.0014852983910013124
        ]
    },
    "QQP": {
        "acc": [
            0.89967845659164,
            0.002010930163163756
        ],
        "acc_and_f1": [
            0.8852106777517964,
            0.002423695424555084
        ],
        "f1": [
            0.870742898911953,
            0.0028491746011983536
        ]
    },
    "RTE": {
        "acc": [
            0.6180505415162455,
            0.031004924987124722
        ]
    },
    "SST-2": {
        "acc": [
            0.9233944954128441,
            0.002554020349922033
        ]
    },
    "STS-B": {
        "corr": [
            0.8763263827832091,
            0.008084179930803145
        ],
        "pearson": [
            0.8776384808383147,
            0.007876999913969219
        ],
        "spearmanr": [
            0.8750142847281035,
            0.008310353623082412
        ]
    },
    "WNLI": {
        "acc": [
            0.3661971830985915,
            0.02519513214084271
        ]
    }
}