{
    "CoLA": {
        "mcc": [
            0.5109444171656267,
            0.01284013695010553
        ]
    },
    "MNLI": {
        "mnli-mm_acc": [
            0.8323230268510985,
            0.0048023745026932775
        ],
        "mnli_acc": [
            0.8300764136525725,
            0.004729653257394089
        ]
    },
    "MRPC": {
        "acc": [
            0.8009803921568628,
            0.020820353511367948
        ],
        "acc_and_f1": [
            0.8358259487968231,
            0.015841266479304818
        ],
        "f1": [
            0.8706715054367834,
            0.010901081533845348
        ]
    },
    "QNLI": {
        "acc": [
            0.9061687717371407,
            0.001401734557501486
        ]
    },
    "QQP": {
        "acc": [
            0.9025228790502101,
            0.001002509751555345
        ],
        "acc_and_f1": [
            0.8872110902662648,
            0.0012960301435389675
        ],
        "f1": [
            0.8718993014823194,
            0.0017559385072380574
        ]
    },
    "RTE": {
        "acc": [
            0.6129963898916968,
            0.030581687486711005
        ]
    },
    "SST-2": {
        "acc": [
            0.9192660550458716,
            0.005260249973018187
        ]
    },
    "STS-B": {
        "corr": [
            0.873708958932079,
            0.008391572816189142
        ],
        "pearson": [
            0.8743536933778104,
            0.008085285231341704
        ],
        "spearmanr": [
            0.8730642244863477,
            0.008887838966953216
        ]
    },
    "WNLI": {
        "acc": [
            0.36619718309859156,
            0.0636145903697815
        ]
    }
}