{
    "CoLA": {
        "mcc": [
            0.5054657860814495,
            0.008866621090720112
        ]
    },
    "MNLI": {
        "mnli-mm_acc": [
            0.8347640358014647,
            0.003650535028822378
        ],
        "mnli_acc": [
            0.8342740703005603,
            0.00482319144117443
        ]
    },
    "MRPC": {
        "acc": [
            0.7583333333333333,
            0.017023289562926792
        ],
        "acc_and_f1": [
            0.8030334878910516,
            0.012633007196191832
        ],
        "f1": [
            0.8477336424487696,
            0.008296766414983727
        ]
    },
    "QNLI": {
        "acc": [
            0.9078894380377083,
            0.002287461007038373
        ]
    },
    "QQP": {
        "acc": [
            0.9007914914667327,
            0.004657374146303203
        ],
        "acc_and_f1": [
            0.8831313353544215,
            0.0068220464149659505
        ],
        "f1": [
            0.86547117924211,
            0.00900412184811814
        ]
    },
    "RTE": {
        "acc": [
            0.616606498194946,
            0.018744772542595187
        ]
    },
    "SST-2": {
        "acc": [
            0.9172018348623853,
            0.0031111605427180055
        ]
    },
    "STS-B": {
        "corr": [
            0.8742771426939207,
            0.008998382399158695
        ],
        "pearson": [
            0.8736615432700221,
            0.009384437208426622
        ],
        "spearmanr": [
            0.8748927421178193,
            0.008734372886944543
        ]
    },
    "WNLI": {
        "acc": [
            0.3718309859154929,
            0.04234731374189551
        ]
    }
}