{
    "CoLA": {
        "mcc": [
            0.559843199378281,
            0.010056353314454232
        ]
    },
    "MNLI": {
        "mnli-mm_acc": [
            0.8244304312449146,
            0.004717091463425331
        ],
        "mnli_acc": [
            0.8269179826795721,
            0.006378806593067953
        ]
    },
    "MRPC": {
        "acc": [
            0.8323529411764706,
            0.006315734669963314
        ],
        "acc_and_f1": [
            0.8556740471989748,
            0.005836499162478337
        ],
        "f1": [
            0.8789951532214788,
            0.0056505899461947
        ]
    },
    "QNLI": {
        "acc": [
            0.8817499542375984,
            0.006977048068575697
        ]
    },
    "QQP": {
        "acc": [
            0.901701706653475,
            0.0023619920900433264
        ],
        "acc_and_f1": [
            0.8860210349566146,
            0.0028145790018989348
        ],
        "f1": [
            0.8703403632597542,
            0.0036261951051773586
        ]
    },
    "RTE": {
        "acc": [
            0.5501805054151625,
            0.04968852139808017
        ]
    },
    "SST-2": {
        "acc": [
            0.9224770642201834,
            0.0011694998884387074
        ]
    },
    "STS-B": {
        "corr": [
            0.8807732035377434,
            0.0037551771047797068
        ],
        "pearson": [
            0.8820023873514566,
            0.004280344515199498
        ],
        "spearmanr": [
            0.8795440197240302,
            0.003248632226805882
        ]
    },
    "WNLI": {
        "acc": [
            0.4028169014084507,
            0.10062293577178451
        ]
    }
}