{
    "CoLA": {
        "mcc": [
            0.5347360768472902,
            0.013373912235639716
        ]
    },
    "MNLI": {
        "mnli-mm_acc": [
            0.8305329536208299,
            0.0026314068936990056
        ],
        "mnli_acc": [
            0.8298930208863984,
            0.0051845685644549885
        ]
    },
    "MRPC": {
        "acc": [
            0.8063725490196078,
            0.01948490873956059
        ],
        "acc_and_f1": [
            0.83197791317369,
            0.020164493435994045
        ],
        "f1": [
            0.857583277327772,
            0.022215525173361707
        ]
    },
    "QNLI": {
        "acc": [
            0.9063518213435842,
            0.0026057418486947516
        ]
    },
    "QQP": {
        "acc": [
            0.8938263665594854,
            0.012573956608365855
        ],
        "acc_and_f1": [
            0.8737337736829895,
            0.0189567083119789
        ],
        "f1": [
            0.8536411808064936,
            0.02535126952655353
        ]
    },
    "RTE": {
        "acc": [
            0.6332129963898916,
            0.012422130349520024
        ]
    },
    "SST-2": {
        "acc": [
            0.9153669724770642,
            0.0033552153298916625
        ]
    },
    "STS-B": {
        "corr": [
            0.8721482988550161,
            0.008345184651290763
        ],
        "pearson": [
            0.8684175563126969,
            0.010648671218999355
        ],
        "spearmanr": [
            0.8758790413973354,
            0.0062581635449139306
        ]
    },
    "WNLI": {
        "acc": [
            0.4112676056338028,
            0.046628015090836195
        ]
    }
}