{
    "CoLA": {
        "mcc": [
            0.5695018346581158,
            0.010378439611028637
        ]
    },
    "MNLI": {
        "mnli-mm_acc": [
            0.8403783563873066,
            0.003096090535549027
        ],
        "mnli_acc": [
            0.8359246051961285,
            0.004073662392864372
        ]
    },
    "MRPC": {
        "acc": [
            0.796078431372549,
            0.01856283943996226
        ],
        "acc_and_f1": [
            0.8203745076892979,
            0.02156692967463272
        ],
        "f1": [
            0.8446705840060467,
            0.02466805581345945
        ]
    },
    "QNLI": {
        "acc": [
            0.9064982610287388,
            0.001461648528477188
        ]
    },
    "QQP": {
        "acc": [
            0.8965124907247095,
            0.008339217510793905
        ],
        "acc_and_f1": [
            0.8783766027661049,
            0.012741196155130469
        ],
        "f1": [
            0.8602407148075006,
            0.017157233394360875
        ]
    },
    "RTE": {
        "acc": [
            0.612274368231047,
            0.023351569139055926
        ]
    },
    "SST-2": {
        "acc": [
            0.9245412844036697,
            0.0019730103823492134
        ]
    },
    "STS-B": {
        "corr": [
            0.866399129603157,
            0.0099294834272671
        ],
        "pearson": [
            0.8661482807534796,
            0.01073147816118408
        ],
        "spearmanr": [
            0.8666499784528344,
            0.009198532165094949
        ]
    },
    "WNLI": {
        "acc": [
            0.4140845070422535,
            0.045942271634648146
        ]
    }
}