{
    "CoLA": {
        "mcc": [
            0.5829059877328551,
            0.011079873356766837
        ]
    },
    "MNLI": {
        "mnli-mm_acc": [
            0.8345606183889341,
            0.0017327534124529707
        ],
        "mnli_acc": [
            0.8351910341314316,
            0.0016309218790637851
        ]
    },
    "MRPC": {
        "acc": [
            0.8137254901960784,
            0.0077506805396283535
        ],
        "acc_and_f1": [
            0.8442818875570369,
            0.006243366031415307
        ],
        "f1": [
            0.8748382849179954,
            0.004874957420578323
        ]
    },
    "QNLI": {
        "acc": [
            0.9045579352004394,
            0.00138731798070632
        ]
    },
    "QQP": {
        "acc": [
            0.9034528815236211,
            0.003194191518021058
        ],
        "acc_and_f1": [
            0.8882600228996574,
            0.0025468779985522807
        ],
        "f1": [
            0.8730671642756939,
            0.0019244545667263069
        ]
    },
    "RTE": {
        "acc": [
            0.6404332129963899,
            0.03489688367825145
        ]
    },
    "SST-2": {
        "acc": [
            0.9149082568807339,
            0.006171387177556747
        ]
    },
    "STS-B": {
        "corr": [
            0.8802970240329874,
            0.007079732526777749
        ],
        "pearson": [
            0.8818162046707216,
            0.007118359307705715
        ],
        "spearmanr": [
            0.878777843395253,
            0.007058123835622674
        ]
    },
    "WNLI": {
        "acc": [
            0.3352112676056338,
            0.037157481572599765
        ]
    }
}