{
    "CoLA": {
        "mcc": [
            0.5417494689970007,
            0.012056721196890179
        ]
    },
    "MNLI": {
        "mnli-mm_acc": [
            0.8435516680227828,
            0.00217894138987323
        ],
        "mnli_acc": [
            0.8407743250127355,
            0.0018093100666672075
        ]
    },
    "MRPC": {
        "acc": [
            0.7759803921568628,
            0.02885918829320591
        ],
        "acc_and_f1": [
            0.7999003043755799,
            0.029497133090621963
        ],
        "f1": [
            0.8238202165942969,
            0.030191515737375173
        ]
    },
    "QNLI": {
        "acc": [
            0.9099762035511624,
            0.0015463087740760107
        ]
    },
    "QQP": {
        "acc": [
            0.9069057630472421,
            0.0019085630389808555
        ],
        "acc_and_f1": [
            0.892140580142678,
            0.002512221025309259
        ],
        "f1": [
            0.8773753972381142,
            0.0031167404894051226
        ]
    },
    "RTE": {
        "acc": [
            0.628158844765343,
            0.025425006298424577
        ]
    },
    "SST-2": {
        "acc": [
            0.925,
            0.003291903691377837
        ]
    },
    "STS-B": {
        "corr": [
            0.8704771093572468,
            0.00890622865508585
        ],
        "pearson": [
            0.8710832092160314,
            0.009040999459636965
        ],
        "spearmanr": [
            0.869871009498462,
            0.008778040280350986
        ]
    },
    "WNLI": {
        "acc": [
            0.36901408450704226,
            0.0638635721056599
        ]
    }
}