{
    "CoLA": {
        "mcc": [
            0.5569901472336489,
            0.027691530700369865
        ]
    },
    "MNLI": {
        "mnli-mm_acc": [
            0.8260170870626526,
            0.005572523393092941
        ],
        "mnli_acc": [
            0.8272440142638819,
            0.007069253646832717
        ]
    },
    "MRPC": {
        "acc": [
            0.8176470588235295,
            0.004273430336804567
        ],
        "acc_and_f1": [
            0.8435728291889315,
            0.0032848841200647733
        ],
        "f1": [
            0.8694985995543336,
            0.004726135133961936
        ]
    },
    "QNLI": {
        "acc": [
            0.9026542192934285,
            0.0011542290148588259
        ]
    },
    "QQP": {
        "acc": [
            0.9000148404650012,
            0.010682656522264139
        ],
        "acc_and_f1": [
            0.8845043728203341,
            0.009322935538830998
        ],
        "f1": [
            0.8689939051756671,
            0.008131279256151406
        ]
    },
    "RTE": {
        "acc": [
            0.607942238267148,
            0.024548736462093886
        ]
    },
    "SST-2": {
        "acc": [
            0.918348623853211,
            0.004435568716929726
        ]
    },
    "STS-B": {
        "corr": [
            0.8762739068717202,
            0.005687480430214028
        ],
        "pearson": [
            0.8781087324132899,
            0.005351870332655794
        ],
        "spearmanr": [
            0.8744390813301506,
            0.006204462222827061
        ]
    },
    "WNLI": {
        "acc": [
            0.36619718309859156,
            0.06783996945798476
        ]
    }
}