{
    "CoLA": {
        "mcc": [
            0.5648849708898707,
            0.009418702111244629
        ]
    },
    "MNLI": {
        "mnli-mm_acc": [
            0.8107200976403581,
            0.012090765501015184
        ],
        "mnli_acc": [
            0.8118186449312278,
            0.012251120774851076
        ]
    },
    "MRPC": {
        "acc": [
            0.8323529411764706,
            0.01134885970861788
        ],
        "acc_and_f1": [
            0.8570629557022016,
            0.010164122015648138
        ],
        "f1": [
            0.8817729702279327,
            0.009311464642570868
        ]
    },
    "QNLI": {
        "acc": [
            0.8670693758008421,
            0.013259363481649175
        ]
    },
    "QQP": {
        "acc": [
            0.899816967598318,
            0.0026512656748920727
        ],
        "acc_and_f1": [
            0.8857941493608668,
            0.0017481821611405773
        ],
        "f1": [
            0.8717713311234156,
            0.0014518113398766213
        ]
    },
    "RTE": {
        "acc": [
            0.6014440433212995,
            0.03570906287040646
        ]
    },
    "SST-2": {
        "acc": [
            0.921330275229358,
            0.0028646779809166968
        ]
    },
    "STS-B": {
        "corr": [
            0.882456030185363,
            0.002248756663228853
        ],
        "pearson": [
            0.8840426278328053,
            0.002707911106360911
        ],
        "spearmanr": [
            0.8808694325379207,
            0.0018346310298816212
        ]
    },
    "WNLI": {
        "acc": [
            0.3746478873239437,
            0.062099739957883385
        ]
    }
}