{
    "CoLA": {
        "mcc": [
            0.012765209244762283,
            0.015688866282399266
        ]
    },
    "MNLI": {
        "mnli-mm_acc": [
            0.36580553295362084,
            0.006209597646988594
        ],
        "mnli_acc": [
            0.3628120224146714,
            0.005671611438319636
        ]
    },
    "MRPC": {
        "acc": [
            0.3161764705882353,
            0.0
        ],
        "acc_and_f1": [
            0.15808823529411764,
            0.0
        ],
        "f1": [
            0.0,
            0.0
        ]
    },
    "QNLI": {
        "acc": [
            0.5290865824638477,
            0.015911465296103298
        ]
    },
    "QQP": {
        "acc": [
            0.6315162008409597,
            0.0032727029634967517
        ],
        "acc_and_f1": [
            0.34507933468637497,
            0.02773569405928318
        ],
        "f1": [
            0.05864246853179026,
            0.05850011376822119
        ]
    },
    "RTE": {
        "acc": [
            0.48953068592057764,
            0.035045952633968494
        ]
    },
    "SST-2": {
        "acc": [
            0.6293577981651377,
            0.04827096281781951
        ]
    },
    "STS-B": {
        "corr": [
            0.0709226164085616,
            0.023743143956786884
        ],
        "pearson": [
            0.061916370255100314,
            0.023072630292942965
        ],
        "spearmanr": [
            0.07992886256202288,
            0.025363271268112886
        ]
    },
    "WNLI": {
        "acc": [
            0.4929577464788732,
            0.07070366421414721
        ]
    }
}