{
    "CoLA": {
        "mcc": [
            0.5662858117214178,
            0.01230024467921409
        ]
    },
    "MNLI": {
        "mnli-mm_acc": [
            0.8013832384052074,
            0.011132973847184237
        ],
        "mnli_acc": [
            0.8062761079979623,
            0.009398756396338024
        ]
    },
    "MRPC": {
        "acc": [
            0.8205882352941177,
            0.01449190735205345
        ],
        "acc_and_f1": [
            0.8485712271804081,
            0.01247435601303381
        ],
        "f1": [
            0.8765542190666983,
            0.010481382128191725
        ]
    },
    "QNLI": {
        "acc": [
            0.866520226981512,
            0.008610261229003654
        ]
    },
    "QQP": {
        "acc": [
            0.869779866435815,
            0.01810805271291774
        ],
        "acc_and_f1": [
            0.8572756135570812,
            0.016729596311785177
        ],
        "f1": [
            0.8447713606783473,
            0.015352910177743016
        ]
    },
    "RTE": {
        "acc": [
            0.5833935018050542,
            0.02232436799096073
        ]
    },
    "SST-2": {
        "acc": [
            0.9135321100917432,
            0.002361383059859414
        ]
    },
    "STS-B": {
        "corr": [
            0.8810764008966107,
            0.002136773694934594
        ],
        "pearson": [
            0.8825889779844264,
            0.002743461624027181
        ],
        "spearmanr": [
            0.8795638238087949,
            0.0015419212859821628
        ]
    },
    "WNLI": {
        "acc": [
            0.37183098591549296,
            0.05389049709777181
        ]
    }
}