{
    "CoLA": {
        "mcc": [
            0.5557164032687535,
            0.00871863633442795
        ]
    },
    "MNLI": {
        "mnli-mm_acc": [
            0.8324857607811229,
            0.004401061590754775
        ],
        "mnli_acc": [
            0.8339480387162507,
            0.0040253679388253085
        ]
    },
    "MRPC": {
        "acc": [
            0.8348039215686274,
            0.0019607843137254832
        ],
        "acc_and_f1": [
            0.8582269307334501,
            0.002347120097080647
        ],
        "f1": [
            0.8816499398982727,
            0.003211599198834434
        ]
    },
    "QNLI": {
        "acc": [
            0.8902800658978582,
            0.004445656568146108
        ]
    },
    "QQP": {
        "acc": [
            0.9051100667820926,
            0.0011337398682980703
        ],
        "acc_and_f1": [
            0.8898198843057219,
            0.0014621666086031034
        ],
        "f1": [
            0.8745297018293513,
            0.0020233966202292328
        ]
    },
    "RTE": {
        "acc": [
            0.5703971119133573,
            0.03378876233010133
        ]
    },
    "SST-2": {
        "acc": [
            0.9224770642201834,
            0.0011694998884387074
        ]
    },
    "STS-B": {
        "corr": [
            0.8827469057913457,
            0.004255390558989214
        ],
        "pearson": [
            0.884033242139157,
            0.00455020356884333
        ],
        "spearmanr": [
            0.8814605694435345,
            0.003967594888280918
        ]
    },
    "WNLI": {
        "acc": [
            0.3887323943661972,
            0.0884524984118737
        ]
    }
}