{
    "CoLA": {
        "mcc": [
            0.5656708008750203,
            0.008112395655825758
        ]
    },
    "MNLI": {
        "mnli-mm_acc": [
            0.844019528071603,
            0.003909955717014719
        ],
        "mnli_acc": [
            0.8412226184411615,
            0.002654956287299419
        ]
    },
    "MRPC": {
        "acc": [
            0.8323529411764706,
            0.008850720630033249
        ],
        "acc_and_f1": [
            0.8593393309505022,
            0.007076065055912722
        ],
        "f1": [
            0.8863257207245339,
            0.005382163716093701
        ]
    },
    "QNLI": {
        "acc": [
            0.9092073952041003,
            0.001685647363459094
        ]
    },
    "QQP": {
        "acc": [
            0.8995102646549592,
            0.0026545310656388927
        ],
        "acc_and_f1": [
            0.8850266187980986,
            0.0030085579478659244
        ],
        "f1": [
            0.8705429729412382,
            0.003370216841458737
        ]
    },
    "RTE": {
        "acc": [
            0.6209386281588447,
            0.029328658500490823
        ]
    },
    "SST-2": {
        "acc": [
            0.9229357798165138,
            0.0024488711587227854
        ]
    },
    "STS-B": {
        "corr": [
            0.8780001396274612,
            0.007894394228027827
        ],
        "pearson": [
            0.8792709483035772,
            0.007797751680792091
        ],
        "spearmanr": [
            0.8767293309513452,
            0.00801536134700529
        ]
    },
    "WNLI": {
        "acc": [
            0.3577464788732394,
            0.02900177504503381
        ]
    }
}