{
    "CoLA": {
        "mcc": [
            0.5370035642658303,
            0.031240776646614076
        ]
    },
    "MNLI": {
        "mnli-mm_acc": [
            0.8296175752644427,
            0.005456138876380869
        ],
        "mnli_acc": [
            0.8325827814569537,
            0.00636022779008437
        ]
    },
    "MRPC": {
        "acc": [
            0.8200980392156862,
            0.003982371766978398
        ],
        "acc_and_f1": [
            0.8448413725005993,
            0.004117133492097586
        ],
        "f1": [
            0.8695847057855124,
            0.006006296672705378
        ]
    },
    "QNLI": {
        "acc": [
            0.9037159070107998,
            0.002153460174973868
        ]
    },
    "QQP": {
        "acc": [
            0.9035567647786298,
            0.005725107836516441
        ],
        "acc_and_f1": [
            0.8877925515880793,
            0.004669573722599172
        ],
        "f1": [
            0.8720283383975286,
            0.003967255024182769
        ]
    },
    "RTE": {
        "acc": [
            0.6115523465703971,
            0.031768953068592065
        ]
    },
    "SST-2": {
        "acc": [
            0.9222477064220183,
            0.003726623121392646
        ]
    },
    "STS-B": {
        "corr": [
            0.8812278128335842,
            0.00414618025666585
        ],
        "pearson": [
            0.8828444112349043,
            0.004439339037967204
        ],
        "spearmanr": [
            0.879611214432264,
            0.0038884583426133483
        ]
    },
    "WNLI": {
        "acc": [
            0.37464788732394366,
            0.047638125423345806
        ]
    }
}