{
    "CoLA": {
        "mcc": [
            0.5812353114532096,
            0.006483818578913753
        ]
    },
    "MNLI": {
        "mnli-mm_acc": [
            0.836493083807974,
            0.0020071434310079943
        ],
        "mnli_acc": [
            0.8378196637799287,
            0.0015828594181101251
        ]
    },
    "MRPC": {
        "acc": [
            0.8205882352941177,
            0.0036021907982105427
        ],
        "acc_and_f1": [
            0.8494069585611603,
            0.0029002102735227403
        ],
        "f1": [
            0.878225681828203,
            0.002616377908182895
        ]
    },
    "QNLI": {
        "acc": [
            0.9060955518945635,
            0.0014506031672091384
        ]
    },
    "QQP": {
        "acc": [
            0.9048429384120702,
            0.0019621741339701897
        ],
        "acc_and_f1": [
            0.8897082328559494,
            0.0017095647034812392
        ],
        "f1": [
            0.8745735272998283,
            0.0014814308745729385
        ]
    },
    "RTE": {
        "acc": [
            0.6418772563176895,
            0.03517957462838938
        ]
    },
    "SST-2": {
        "acc": [
            0.9165137614678898,
            0.006583807382755666
        ]
    },
    "STS-B": {
        "corr": [
            0.8831271194330975,
            0.005848777766350288
        ],
        "pearson": [
            0.88467325296956,
            0.0058988734803692745
        ],
        "spearmanr": [
            0.881580985896635,
            0.0058169859451447994
        ]
    },
    "WNLI": {
        "acc": [
            0.3380281690140845,
            0.041781399927299505
        ]
    }
}