{
    "CoLA": {
        "mcc": [
            0.5378049884270678,
            0.0270890712681768
        ]
    },
    "MNLI": {
        "mnli-mm_acc": [
            0.8451179820992676,
            0.0037708562857990255
        ],
        "mnli_acc": [
            0.8416505348955681,
            0.0024070718338615885
        ]
    },
    "MRPC": {
        "acc": [
            0.8392156862745098,
            0.004545891419360623
        ],
        "acc_and_f1": [
            0.862697165813124,
            0.004717730728944218
        ],
        "f1": [
            0.8861786453517382,
            0.0050372042356551525
        ]
    },
    "QNLI": {
        "acc": [
            0.9123192385136372,
            0.0012629096328508453
        ]
    },
    "QQP": {
        "acc": [
            0.9069057630472421,
            0.00244321914589973
        ],
        "acc_and_f1": [
            0.8914781861302075,
            0.0028907332121301988
        ],
        "f1": [
            0.8760506092131728,
            0.0033394048105569616
        ]
    },
    "RTE": {
        "acc": [
            0.6324909747292419,
            0.0338196055700516
        ]
    },
    "SST-2": {
        "acc": [
            0.9263761467889907,
            0.001337374287808549
        ]
    },
    "STS-B": {
        "corr": [
            0.8808850086433552,
            0.00678705170568488
        ],
        "pearson": [
            0.882394621365728,
            0.007027121022662958
        ],
        "spearmanr": [
            0.8793753959209821,
            0.006571705487196559
        ]
    },
    "WNLI": {
        "acc": [
            0.3464788732394366,
            0.047638125423345806
        ]
    }
}