{
    "CoLA": {
        "mcc": [
            0.5354194474898042,
            0.01404973918875373
        ]
    },
    "MNLI": {
        "mnli-mm_acc": [
            0.8343775427176567,
            0.004378722228502426
        ],
        "mnli_acc": [
            0.8339480387162507,
            0.005520768735955479
        ]
    },
    "MRPC": {
        "acc": [
            0.8029411764705883,
            0.0178501386823854
        ],
        "acc_and_f1": [
            0.8371827265465315,
            0.013342923326951492
        ],
        "f1": [
            0.871424276622475,
            0.008853562726017672
        ]
    },
    "QNLI": {
        "acc": [
            0.908145707486729,
            0.0012273882199699876
        ]
    },
    "QQP": {
        "acc": [
            0.9034232005936186,
            0.001171947886874521
        ],
        "acc_and_f1": [
            0.8882346172835682,
            0.001334538089457788
        ],
        "f1": [
            0.8730460339735181,
            0.0016481937458511695
        ]
    },
    "RTE": {
        "acc": [
            0.6180505415162455,
            0.03335396234642918
        ]
    },
    "SST-2": {
        "acc": [
            0.9194954128440367,
            0.0035826833375718313
        ]
    },
    "STS-B": {
        "corr": [
            0.8764622782278974,
            0.0077453356804573934
        ],
        "pearson": [
            0.8772162507633228,
            0.007498209194289511
        ],
        "spearmanr": [
            0.8757083056924723,
            0.00811299906996669
        ]
    },
    "WNLI": {
        "acc": [
            0.36619718309859156,
            0.06423523521685283
        ]
    }
}