{
    "CoLA": {
        "mcc": [
            0.5615469302094138,
            0.014838006043565466
        ]
    },
    "MNLI": {
        "mnli-mm_acc": [
            0.844833197721725,
            0.002335848445640141
        ],
        "mnli_acc": [
            0.8422007131940907,
            0.002367064241013424
        ]
    },
    "MRPC": {
        "acc": [
            0.8049019607843138,
            0.022172907603722848
        ],
        "acc_and_f1": [
            0.8296059154334128,
            0.02215734159095489
        ],
        "f1": [
            0.8543098700825119,
            0.0222364397352214
        ]
    },
    "QNLI": {
        "acc": [
            0.9111111111111111,
            0.0012175207137701395
        ]
    },
    "QQP": {
        "acc": [
            0.9070343804105863,
            0.001998271046332142
        ],
        "acc_and_f1": [
            0.8924285864863746,
            0.0025836061151655884
        ],
        "f1": [
            0.8778227925621632,
            0.0031722180452786563
        ]
    },
    "RTE": {
        "acc": [
            0.6346570397111913,
            0.012794256423587972
        ]
    },
    "SST-2": {
        "acc": [
            0.9270642201834862,
            0.0015555802713590119
        ]
    },
    "STS-B": {
        "corr": [
            0.876407571489785,
            0.006900912559744036
        ],
        "pearson": [
            0.8774578393284223,
            0.007077124418950657
        ],
        "spearmanr": [
            0.8753573036511477,
            0.006748166161979201
        ]
    },
    "WNLI": {
        "acc": [
            0.3492957746478873,
            0.04309030574867142
        ]
    }
}