{
    "CoLA": {
        "mcc": [
            -0.003492347118052912,
            0.03771700876758496
        ]
    },
    "MNLI": {
        "mnli-mm_acc": [
            0.37697314890154604,
            0.01833586548130654
        ],
        "mnli_acc": [
            0.3702496179317371,
            0.012217351198615767
        ]
    },
    "MRPC": {
        "acc": [
            0.3161764705882353,
            0.0
        ],
        "acc_and_f1": [
            0.15808823529411764,
            0.0
        ],
        "f1": [
            0.0,
            0.0
        ]
    },
    "QNLI": {
        "acc": [
            0.518762584660443,
            0.013784498321042648
        ]
    },
    "QQP": {
        "acc": [
            0.6321939154093495,
            0.00025922478370660163
        ],
        "acc_and_f1": [
            0.3248434678050485,
            0.01069227622135424
        ],
        "f1": [
            0.01749302020074756,
            0.021298869402270132
        ]
    },
    "RTE": {
        "acc": [
            0.4866425992779783,
            0.027436823104693156
        ]
    },
    "SST-2": {
        "acc": [
            0.6481651376146789,
            0.060766399765491766
        ]
    },
    "STS-B": {
        "corr": [
            0.10041141596335068,
            0.03586616189258275
        ],
        "pearson": [
            0.09621969043691977,
            0.03064008767575747
        ],
        "spearmanr": [
            0.1046031414897816,
            0.04410018503811888
        ]
    },
    "WNLI": {
        "acc": [
            0.47042253521126753,
            0.042347313741895515
        ]
    }
}