{
    "CoLA": {
        "mcc": [
            0.5638054215574417,
            0.008007475606813702
        ]
    },
    "MNLI": {
        "mnli-mm_acc": [
            0.8333197721724979,
            0.005280396318904015
        ],
        "mnli_acc": [
            0.8275292919001529,
            0.0058116901786981826
        ]
    },
    "MRPC": {
        "acc": [
            0.6794117647058824,
            0.07608942208866488
        ],
        "acc_and_f1": [
            0.692310678674315,
            0.08580009336418878
        ],
        "f1": [
            0.7052095926427476,
            0.09556978187650861
        ]
    },
    "QNLI": {
        "acc": [
            0.9033864177192019,
            0.0023906026311278825
        ]
    },
    "QQP": {
        "acc": [
            0.8663863467721988,
            0.02016346599740123
        ],
        "acc_and_f1": [
            0.8355938349895045,
            0.0325694493653406
        ],
        "f1": [
            0.8048013232068101,
            0.04499248454234887
        ]
    },
    "RTE": {
        "acc": [
            0.6101083032490975,
            0.020293818516325193
        ]
    },
    "SST-2": {
        "acc": [
            0.9252293577981652,
            0.001973010382349252
        ]
    },
    "STS-B": {
        "corr": [
            0.829886367507784,
            0.013086752379427318
        ],
        "pearson": [
            0.8229837095278946,
            0.016885174576865735
        ],
        "spearmanr": [
            0.8367890254876734,
            0.009395389109310981
        ]
    },
    "WNLI": {
        "acc": [
            0.4084507042253521,
            0.030857608873530482
        ]
    }
}