{
    "CoLA": {
        "mcc": [
            0.5136740220120641,
            0.015446841382519038
        ]
    },
    "MNLI": {
        "mnli-mm_acc": [
            0.8362082994304313,
            0.0031674383903240876
        ],
        "mnli_acc": [
            0.8358838512480895,
            0.0039467205661083025
        ]
    },
    "MRPC": {
        "acc": [
            0.7774509803921569,
            0.015061070093860028
        ],
        "acc_and_f1": [
            0.8170274423964278,
            0.011239349218872664
        ],
        "f1": [
            0.8566039044006987,
            0.007612360293777222
        ]
    },
    "QNLI": {
        "acc": [
            0.9089511257550796,
            0.0015121271409894452
        ]
    },
    "QQP": {
        "acc": [
            0.9024239426168685,
            0.004042070959491262
        ],
        "acc_and_f1": [
            0.8852683602446906,
            0.0058434598919650076
        ],
        "f1": [
            0.8681127778725124,
            0.0076573541860382
        ]
    },
    "RTE": {
        "acc": [
            0.6202166064981949,
            0.016369363247299106
        ]
    },
    "SST-2": {
        "acc": [
            0.9197247706422018,
            0.002615081250227379
        ]
    },
    "STS-B": {
        "corr": [
            0.8759925026064623,
            0.008736753611290726
        ],
        "pearson": [
            0.875614177730928,
            0.009267439666981007
        ],
        "spearmanr": [
            0.8763708274819969,
            0.008283726056221614
        ]
    },
    "WNLI": {
        "acc": [
            0.3690140845070422,
            0.04120771503754308
        ]
    }
}