{
    "CoLA": {
        "mcc": [
            0.5696007252506429,
            0.01745012380777102
        ]
    },
    "MNLI": {
        "mnli-mm_acc": [
            0.8100691619202603,
            0.009846453420191926
        ],
        "mnli_acc": [
            0.8120835455934794,
            0.007938289547363924
        ]
    },
    "MRPC": {
        "acc": [
            0.8284313725490197,
            0.005589095221074235
        ],
        "acc_and_f1": [
            0.8541587176391632,
            0.005599286401105379
        ],
        "f1": [
            0.8798860627293068,
            0.005680751225366476
        ]
    },
    "QNLI": {
        "acc": [
            0.8804319970712063,
            0.004260614761406171
        ]
    },
    "QQP": {
        "acc": [
            0.8837249567153103,
            0.011721431047802225
        ],
        "acc_and_f1": [
            0.870591962657888,
            0.01048663983367111
        ],
        "f1": [
            0.8574589686004653,
            0.009260716944166103
        ]
    },
    "RTE": {
        "acc": [
            0.5978339350180505,
            0.01918459242683959
        ]
    },
    "SST-2": {
        "acc": [
            0.9162844036697247,
            0.0026150812502273796
        ]
    },
    "STS-B": {
        "corr": [
            0.881898633422297,
            0.002461411048193611
        ],
        "pearson": [
            0.8837287567456091,
            0.0029394816186430806
        ],
        "spearmanr": [
            0.8800685100989851,
            0.002004853008390109
        ]
    },
    "WNLI": {
        "acc": [
            0.37183098591549296,
            0.050860479113430404
        ]
    }
}