{
    "CoLA": {
        "mcc": [
            0.5645455897212759,
            0.008232332881365429
        ]
    },
    "MNLI": {
        "mnli-mm_acc": [
            0.8219487388120422,
            0.008028831416002441
        ],
        "mnli_acc": [
            0.8224554253693327,
            0.00712629133632072
        ]
    },
    "MRPC": {
        "acc": [
            0.8352941176470589,
            0.009974014681066587
        ],
        "acc_and_f1": [
            0.859410161759597,
            0.009205178305068746
        ],
        "f1": [
            0.8835262058721349,
            0.008627514317241665
        ]
    },
    "QNLI": {
        "acc": [
            0.8734028921837818,
            0.014631882253801248
        ]
    },
    "QQP": {
        "acc": [
            0.9026514964135541,
            0.0011948801724380497
        ],
        "acc_and_f1": [
            0.8886182147572306,
            0.0006474288785497738
        ],
        "f1": [
            0.8745849331009072,
            0.0016076541580106781
        ]
    },
    "RTE": {
        "acc": [
            0.6014440433212996,
            0.029470514991997893
        ]
    },
    "SST-2": {
        "acc": [
            0.9224770642201834,
            0.0029550685153039197
        ]
    },
    "STS-B": {
        "corr": [
            0.8823422112213265,
            0.002054065053682059
        ],
        "pearson": [
            0.8841027988006364,
            0.0023534205050629933
        ],
        "spearmanr": [
            0.8805816236420165,
            0.0017579702245191303
        ]
    },
    "WNLI": {
        "acc": [
            0.37746478873239436,
            0.0757950650539364
        ]
    }
}