{
    "CoLA": {
        "mcc": [
            0.5725961554956512,
            0.012191568367912043
        ]
    },
    "MNLI": {
        "mnli-mm_acc": [
            0.8286411716842961,
            0.002903529726322236
        ],
        "mnli_acc": [
            0.8262455425369332,
            0.00453020050494382
        ]
    },
    "MRPC": {
        "acc": [
            0.7529411764705882,
            0.05533790506537288
        ],
        "acc_and_f1": [
            0.7742575372420288,
            0.061274966451761045
        ],
        "f1": [
            0.7955738980134693,
            0.06747844622370162
        ]
    },
    "QNLI": {
        "acc": [
            0.9055097931539449,
            0.003498882021444727
        ]
    },
    "QQP": {
        "acc": [
            0.8840959683403413,
            0.020889713919650103
        ],
        "acc_and_f1": [
            0.8598842569770456,
            0.03216168326449098
        ],
        "f1": [
            0.83567254561375,
            0.043437678744420234
        ]
    },
    "RTE": {
        "acc": [
            0.6368231046931407,
            0.0093025983586463
        ]
    },
    "SST-2": {
        "acc": [
            0.9194954128440367,
            0.0022237063566129967
        ]
    },
    "STS-B": {
        "corr": [
            0.8694482235222203,
            0.008624698377356408
        ],
        "pearson": [
            0.8651396142479765,
            0.011549758287997609
        ],
        "spearmanr": [
            0.8737568327964645,
            0.005824493738986888
        ]
    },
    "WNLI": {
        "acc": [
            0.4084507042253521,
            0.035631297579362016
        ]
    }
}