{
    "CoLA": {
        "mcc": [
            0.508098893645771,
            0.03306681419528832
        ]
    },
    "MNLI": {
        "mnli-mm_acc": [
            0.843287225386493,
            0.003932537896084456
        ],
        "mnli_acc": [
            0.8388181355068772,
            0.004236744842933443
        ]
    },
    "MRPC": {
        "acc": [
            0.8338235294117646,
            0.01021209149803905
        ],
        "acc_and_f1": [
            0.8574492608083737,
            0.008368574810690501
        ],
        "f1": [
            0.8810749922049826,
            0.0069712278167494935
        ]
    },
    "QNLI": {
        "acc": [
            0.9056562328390994,
            0.0008632492127073985
        ]
    },
    "QQP": {
        "acc": [
            0.9039327232253276,
            0.002928710611311286
        ],
        "acc_and_f1": [
            0.8884244689155733,
            0.003569363324619164
        ],
        "f1": [
            0.872916214605819,
            0.004228786107007341
        ]
    },
    "RTE": {
        "acc": [
            0.6346570397111914,
            0.03576741105126594
        ]
    },
    "SST-2": {
        "acc": [
            0.9259174311926607,
            0.004843741303197898
        ]
    },
    "STS-B": {
        "corr": [
            0.8750808300500186,
            0.007799882293705176
        ],
        "pearson": [
            0.8765532152854402,
            0.007993741934129649
        ],
        "spearmanr": [
            0.8736084448145973,
            0.0076325078728141935
        ]
    },
    "WNLI": {
        "acc": [
            0.3549295774647887,
            0.03380281690140845
        ]
    }
}