{
    "CoLA": {
        "mcc": [
            0.5624148627806339,
            0.00641592367127726
        ]
    },
    "MNLI": {
        "mnli-mm_acc": [
            0.8420056956875509,
            0.004846972122760017
        ],
        "mnli_acc": [
            0.8399388690779419,
            0.003566843645365844
        ]
    },
    "MRPC": {
        "acc": [
            0.8088235294117647,
            0.010046030162705506
        ],
        "acc_and_f1": [
            0.841622243913345,
            0.007394344741928449
        ],
        "f1": [
            0.8744209584149253,
            0.004783711522648701
        ]
    },
    "QNLI": {
        "acc": [
            0.9117334797730183,
            0.0016752789586157728
        ]
    },
    "QQP": {
        "acc": [
            0.8997130843433094,
            0.0037202467020368032
        ],
        "acc_and_f1": [
            0.8847010655480287,
            0.0037057979523045918
        ],
        "f1": [
            0.8696890467527483,
            0.003710311213853384
        ]
    },
    "RTE": {
        "acc": [
            0.6137184115523466,
            0.03037643894290632
        ]
    },
    "SST-2": {
        "acc": [
            0.9220183486238532,
            0.004290891498593946
        ]
    },
    "STS-B": {
        "corr": [
            0.8612198920768112,
            0.01158093753500826
        ],
        "pearson": [
            0.8615045754758309,
            0.011924584549934341
        ],
        "spearmanr": [
            0.8609352086777916,
            0.011246200014510687
        ]
    },
    "WNLI": {
        "acc": [
            0.3408450704225352,
            0.03495682717180522
        ]
    }
}