{
    "CoLA": {
        "mcc": [
            0.5427638512998104,
            0.010975960780348485
        ]
    },
    "MNLI": {
        "mnli-mm_acc": [
            0.8448738812042311,
            0.003589841890716982
        ],
        "mnli_acc": [
            0.8419358125318389,
            0.003213236239562073
        ]
    },
    "MRPC": {
        "acc": [
            0.811764705882353,
            0.01537685013858642
        ],
        "acc_and_f1": [
            0.8375791017780336,
            0.014618000661564523
        ],
        "f1": [
            0.8633934976737144,
            0.0141082379312479
        ]
    },
    "QNLI": {
        "acc": [
            0.9112209408749772,
            0.0021874236494658175
        ]
    },
    "QQP": {
        "acc": [
            0.9041602770220134,
            0.0030782350569801818
        ],
        "acc_and_f1": [
            0.8890120714336309,
            0.0033485715371189342
        ],
        "f1": [
            0.8738638658452487,
            0.0036235361865818764
        ]
    },
    "RTE": {
        "acc": [
            0.6389891696750902,
            0.025932541510567477
        ]
    },
    "SST-2": {
        "acc": [
            0.9270642201834862,
            0.0031280233249967398
        ]
    },
    "STS-B": {
        "corr": [
            0.8717112252225597,
            0.010045370195335697
        ],
        "pearson": [
            0.8732358891277487,
            0.009930577871984132
        ],
        "spearmanr": [
            0.8701865613173707,
            0.010179027809891671
        ]
    },
    "WNLI": {
        "acc": [
            0.3408450704225352,
            0.0551997688514519
        ]
    }
}