{
    "CoLA": {
        "mcc": [
            0.5744462718700707,
            0.011512078291564065
        ]
    },
    "MNLI": {
        "mnli-mm_acc": [
            0.8379576891781937,
            0.0026345499990880396
        ],
        "mnli_acc": [
            0.8336627610799798,
            0.0034313275370012005
        ]
    },
    "MRPC": {
        "acc": [
            0.8024509803921569,
            0.028942332194363745
        ],
        "acc_and_f1": [
            0.8253680627879694,
            0.0298943894916035
        ],
        "f1": [
            0.8482851451837817,
            0.030904973672928313
        ]
    },
    "QNLI": {
        "acc": [
            0.9094270547318324,
            0.0011542290148588222
        ]
    },
    "QQP": {
        "acc": [
            0.9015928765767993,
            0.004692669863330264
        ],
        "acc_and_f1": [
            0.8852655669006785,
            0.007104306337318616
        ],
        "f1": [
            0.8689382572245575,
            0.009529353593150219
        ]
    },
    "RTE": {
        "acc": [
            0.6310469314079422,
            0.021345480865118383
        ]
    },
    "SST-2": {
        "acc": [
            0.9229357798165138,
            0.0026550084639426993
        ]
    },
    "STS-B": {
        "corr": [
            0.8730019803249085,
            0.009763491491477788
        ],
        "pearson": [
            0.8734395820352396,
            0.009966411938792306
        ],
        "spearmanr": [
            0.8725643786145773,
            0.00964437288592011
        ]
    },
    "WNLI": {
        "acc": [
            0.3661971830985915,
            0.057037906285398836
        ]
    }
}