{
    "CoLA": {
        "mcc": [
            0.526390201484503,
            0.0389399468613168
        ]
    },
    "MNLI": {
        "mnli-mm_acc": [
            0.8302278275020342,
            0.004982024252186049
        ],
        "mnli_acc": [
            0.8261844116148751,
            0.004072846885645812
        ]
    },
    "MRPC": {
        "acc": [
            0.8254901960784314,
            0.021501678626922857
        ],
        "acc_and_f1": [
            0.850273333353701,
            0.020183886257625936
        ],
        "f1": [
            0.8750564706289705,
            0.019117754238353653
        ]
    },
    "QNLI": {
        "acc": [
            0.8857404356580634,
            0.005322181079326375
        ]
    },
    "QQP": {
        "acc": [
            0.9024783576552065,
            0.0020091283413258203
        ],
        "acc_and_f1": [
            0.8869032483717649,
            0.004057367063096408
        ],
        "f1": [
            0.871328139088323,
            0.006355975102890047
        ]
    },
    "RTE": {
        "acc": [
            0.6368231046931407,
            0.02197129827393927
        ]
    },
    "SST-2": {
        "acc": [
            0.9139908256880733,
            0.005077051289261171
        ]
    },
    "STS-B": {
        "corr": [
            0.88256814236157,
            0.002276615582788013
        ],
        "pearson": [
            0.8838480509855717,
            0.0025142869696098274
        ],
        "spearmanr": [
            0.8812882337375683,
            0.002200176858605037
        ]
    },
    "WNLI": {
        "acc": [
            0.3492957746478873,
            0.04576923044865329
        ]
    }
}