{
    "CoLA": {
        "mcc": [
            0.556239077707651,
            0.014871190605276802
        ]
    },
    "MNLI": {
        "mnli-mm_acc": [
            0.8380593978844588,
            0.004244264218604896
        ],
        "mnli_acc": [
            0.8388385124808966,
            0.0050246494356885
        ]
    },
    "MRPC": {
        "acc": [
            0.7666666666666667,
            0.027178267207115893
        ],
        "acc_and_f1": [
            0.8092685638298078,
            0.020103242045393873
        ],
        "f1": [
            0.8518704609929492,
            0.01303974151445788
        ]
    },
    "QNLI": {
        "acc": [
            0.899176276771005,
            0.002698724875560257
        ]
    },
    "QQP": {
        "acc": [
            0.8992332426416029,
            0.003911681834092035
        ],
        "acc_and_f1": [
            0.8840812735140503,
            0.004808212516187111
        ],
        "f1": [
            0.8689293043864978,
            0.005741007053115211
        ]
    },
    "RTE": {
        "acc": [
            0.6231046931407943,
            0.023903170190970192
        ]
    },
    "SST-2": {
        "acc": [
            0.9236238532110091,
            0.002674748575617117
        ]
    },
    "STS-B": {
        "corr": [
            0.8608210668941123,
            0.012035885510469703
        ],
        "pearson": [
            0.8623462887485331,
            0.012306532430761059
        ],
        "spearmanr": [
            0.8592958450396914,
            0.011790829387780302
        ]
    },
    "WNLI": {
        "acc": [
            0.3633802816901408,
            0.03136768655115505
        ]
    }
}