{
    "CoLA": {
        "mcc": [
            0.42838777720170107,
            0.060456194303762305
        ]
    },
    "MNLI": {
        "mnli-mm_acc": [
            0.8336452400325468,
            0.00918708344990666
        ],
        "mnli_acc": [
            0.8362506367804381,
            0.011343845148162874
        ]
    },
    "MRPC": {
        "acc": [
            0.8220588235294117,
            0.008289967904552836
        ],
        "acc_and_f1": [
            0.8456120744105398,
            0.009448088291136207
        ],
        "f1": [
            0.8691653252916677,
            0.011139308492272616
        ]
    },
    "QNLI": {
        "acc": [
            0.8821160534504852,
            0.004966011336719964
        ]
    },
    "QQP": {
        "acc": [
            0.9034825624536236,
            0.0017804022837488729
        ],
        "acc_and_f1": [
            0.8876230559424663,
            0.0031996583984796995
        ],
        "f1": [
            0.871763549431309,
            0.004635065365845793
        ]
    },
    "RTE": {
        "acc": [
            0.6122743682310469,
            0.03273872649459822
        ]
    },
    "SST-2": {
        "acc": [
            0.9176605504587156,
            0.005683262244662316
        ]
    },
    "STS-B": {
        "corr": [
            0.8809445140189058,
            0.00697516166958958
        ],
        "pearson": [
            0.8821709430692568,
            0.006896189793405646
        ],
        "spearmanr": [
            0.879718084968555,
            0.00713736618167262
        ]
    },
    "WNLI": {
        "acc": [
            0.37464788732394366,
            0.034036749221393166
        ]
    }
}