{
    "CoLA": {
        "mcc": [
            0.55135697242276,
            0.013333005943899651
        ]
    },
    "MNLI": {
        "mnli-mm_acc": [
            0.832567127746135,
            0.0010943024944111348
        ],
        "mnli_acc": [
            0.8329903209373407,
            0.0022749319591568737
        ]
    },
    "MRPC": {
        "acc": [
            0.8181372549019608,
            0.032345513110438484
        ],
        "acc_and_f1": [
            0.8460359769106836,
            0.025362463938103742
        ],
        "f1": [
            0.8739346989194064,
            0.019395247044362657
        ]
    },
    "QNLI": {
        "acc": [
            0.8667764964305327,
            0.01187053763437842
        ]
    },
    "QQP": {
        "acc": [
            0.9050408112787535,
            0.0010151716960849785
        ],
        "acc_and_f1": [
            0.8907184803322398,
            0.0009619241246570252
        ],
        "f1": [
            0.8763961493857263,
            0.0015337878208984848
        ]
    },
    "RTE": {
        "acc": [
            0.6072202166064982,
            0.0175971951002945
        ]
    },
    "SST-2": {
        "acc": [
            0.9199541284403668,
            0.0034327131988751906
        ]
    },
    "STS-B": {
        "corr": [
            0.8826021425189323,
            0.0025873928763904064
        ],
        "pearson": [
            0.8835199191987495,
            0.0023336639583396287
        ],
        "spearmanr": [
            0.8816843658391148,
            0.0032338715688048467
        ]
    },
    "WNLI": {
        "acc": [
            0.3774647887323944,
            0.06922932804194089
        ]
    }
}