{
    "CoLA": {
        "mcc": [
            0.5527882270183484,
            0.011385926668716594
        ]
    },
    "MNLI": {
        "mnli-mm_acc": [
            0.8361269324654191,
            0.004370587727889916
        ],
        "mnli_acc": [
            0.8338665308201734,
            0.00528176512365794
        ]
    },
    "MRPC": {
        "acc": [
            0.6019607843137255,
            0.14280279215455036
        ],
        "acc_and_f1": [
            0.5884430232045329,
            0.18298788665697985
        ],
        "f1": [
            0.5749252620953402,
            0.22407060972706996
        ]
    },
    "QNLI": {
        "acc": [
            0.9075599487461101,
            0.0011402095187550891
        ]
    },
    "QQP": {
        "acc": [
            0.8997872866683154,
            0.008405035791547938
        ],
        "acc_and_f1": [
            0.8819195587591846,
            0.01255543575104322
        ],
        "f1": [
            0.8640518308500539,
            0.016714865307228613
        ]
    },
    "RTE": {
        "acc": [
            0.6346570397111913,
            0.0141486772146321
        ]
    },
    "SST-2": {
        "acc": [
            0.9217889908256881,
            0.0031945844672440758
        ]
    },
    "STS-B": {
        "corr": [
            0.861540129762432,
            0.014563792484912639
        ],
        "pearson": [
            0.8621617159831135,
            0.015703198062640217
        ],
        "spearmanr": [
            0.8609185435417507,
            0.013427217988365457
        ]
    },
    "WNLI": {
        "acc": [
            0.3943661971830986,
            0.036727900874381124
        ]
    }
}