{
    "CoLA": {
        "mcc": [
            0.49204488378313416,
            0.0227186053007427
        ]
    },
    "MNLI": {
        "mnli-mm_acc": [
            0.8370219690805534,
            0.0029270910421080837
        ],
        "mnli_acc": [
            0.8361079979623026,
            0.002764517863540801
        ]
    },
    "MRPC": {
        "acc": [
            0.8294117647058824,
            0.010581878992609267
        ],
        "acc_and_f1": [
            0.8527936350244859,
            0.010798854401374776
        ],
        "f1": [
            0.8761755053430896,
            0.011156493202732279
        ]
    },
    "QNLI": {
        "acc": [
            0.9097199341021417,
            0.0020851591969098544
        ]
    },
    "QQP": {
        "acc": [
            0.9034924560969577,
            0.0026703857927895627
        ],
        "acc_and_f1": [
            0.8874636281527414,
            0.0045401462598174715
        ],
        "f1": [
            0.8714348002085253,
            0.006410622465071903
        ]
    },
    "RTE": {
        "acc": [
            0.6361010830324909,
            0.024314019119830634
        ]
    },
    "SST-2": {
        "acc": [
            0.9167431192660551,
            0.005738530276695773
        ]
    },
    "STS-B": {
        "corr": [
            0.8838246431914054,
            0.006541545376009215
        ],
        "pearson": [
            0.8852492100856427,
            0.006605932443686601
        ],
        "spearmanr": [
            0.8824000762971685,
            0.006520442487709929
        ]
    },
    "WNLI": {
        "acc": [
            0.3774647887323943,
            0.05868356804506945
        ]
    }
}