{
    "CoLA": {
        "mcc": [
            0.5153257683866335,
            0.007930772988347757
        ]
    },
    "MNLI": {
        "mnli-mm_acc": [
            0.8360455655004067,
            0.005270042283063059
        ],
        "mnli_acc": [
            0.8319714722363727,
            0.005063749793210696
        ]
    },
    "MRPC": {
        "acc": [
            0.7843137254901961,
            0.02376313655596239
        ],
        "acc_and_f1": [
            0.8101347687985353,
            0.02526059389267378
        ],
        "f1": [
            0.8359558121068742,
            0.027202083628142675
        ]
    },
    "QNLI": {
        "acc": [
            0.9023979498444078,
            0.002370898752874543
        ]
    },
    "QQP": {
        "acc": [
            0.904506554538709,
            0.0025787796059040754
        ],
        "acc_and_f1": [
            0.8897627639248556,
            0.004120473003326163
        ],
        "f1": [
            0.8750189733110025,
            0.005687520392726595
        ]
    },
    "RTE": {
        "acc": [
            0.6310469314079422,
            0.022533554562205387
        ]
    },
    "SST-2": {
        "acc": [
            0.9183486238532111,
            0.002554020349922029
        ]
    },
    "STS-B": {
        "corr": [
            0.877185419966699,
            0.009574976366439303
        ],
        "pearson": [
            0.8792270691495887,
            0.009870579865245498
        ],
        "spearmanr": [
            0.8751437707838094,
            0.00936361204555745
        ]
    },
    "WNLI": {
        "acc": [
            0.3718309859154929,
            0.050860479113430404
        ]
    }
}