{
    "CoLA": {
        "mcc": [
            0.5092560356428624,
            0.02652662249902971
        ]
    },
    "MNLI": {
        "mnli-mm_acc": [
            0.828519121236778,
            0.0024721702363578843
        ],
        "mnli_acc": [
            0.8271828833418237,
            0.0029142635037992183
        ]
    },
    "MRPC": {
        "acc": [
            0.8323529411764706,
            0.01952187034484303
        ],
        "acc_and_f1": [
            0.8593455104236145,
            0.014697033245194564
        ],
        "f1": [
            0.8863380796707585,
            0.00992350181328338
        ]
    },
    "QNLI": {
        "acc": [
            0.8645066813106352,
            0.006404539253551424
        ]
    },
    "QQP": {
        "acc": [
            0.893603759584467,
            0.007576063439472801
        ],
        "acc_and_f1": [
            0.8778394766184757,
            0.007857353829000316
        ],
        "f1": [
            0.8620751936524844,
            0.008263109079109113
        ]
    },
    "RTE": {
        "acc": [
            0.5956678700361011,
            0.02532227858014469
        ]
    },
    "SST-2": {
        "acc": [
            0.9211009174311926,
            0.0031111605427180055
        ]
    },
    "STS-B": {
        "corr": [
            0.8761891681344295,
            0.00402344007601926
        ],
        "pearson": [
            0.8758984521086551,
            0.005311885122877402
        ],
        "spearmanr": [
            0.8764798841602041,
            0.0028452571729076473
        ]
    },
    "WNLI": {
        "acc": [
            0.4028169014084507,
            0.0620997399578834
        ]
    }
}