{
    "CoLA": {
        "mcc": [
            -0.006627432517484927,
            0.01836162538771444
        ]
    },
    "MNLI": {
        "mnli-mm_acc": [
            0.32522375915378354,
            0.005044423727486182
        ],
        "mnli_acc": [
            0.32356597045338764,
            0.0035856526905469885
        ]
    },
    "MRPC": {
        "acc": [
            0.35,
            0.06764705882352941
        ],
        "acc_and_f1": [
            0.22954545454545455,
            0.1429144385026738
        ],
        "f1": [
            0.1090909090909091,
            0.2181818181818182
        ]
    },
    "QNLI": {
        "acc": [
            0.5147354933186895,
            0.007351213852029211
        ]
    },
    "QQP": {
        "acc": [
            0.6312391788276033,
            0.0009567976686353479
        ],
        "acc_and_f1": [
            0.3182106875559416,
            0.003253150502751013
        ],
        "f1": [
            0.005182196284280031,
            0.007446620427965841
        ]
    },
    "RTE": {
        "acc": [
            0.4743682310469314,
            0.0048969891574911625
        ]
    },
    "SST-2": {
        "acc": [
            0.5087155963302752,
            0.0011694998884387074
        ]
    },
    "STS-B": {
        "corr": [
            0.014934156079425862,
            0.09385945382932301
        ],
        "pearson": [
            0.015524016863198264,
            0.0968464565564768
        ],
        "spearmanr": [
            0.014344295295653463,
            0.09091616191423173
        ]
    },
    "WNLI": {
        "acc": [
            0.45633802816901403,
            0.05086047911343037
        ]
    }
}