{
    "CoLA": {
        "mcc": [
            0.5111917646230238,
            0.0066878093794622935
        ]
    },
    "MNLI": {
        "mnli-mm_acc": [
            0.7671480878763223,
            0.007194365175911001
        ],
        "mnli_acc": [
            0.7642180336220072,
            0.0027681202338780287
        ]
    },
    "MRPC": {
        "acc": [
            0.7705882352941176,
            0.010581878992609269
        ],
        "acc_and_f1": [
            0.8000644122311351,
            0.011794667847500488
        ],
        "f1": [
            0.8295405891681528,
            0.015086260006661426
        ]
    },
    "QNLI": {
        "acc": [
            0.8288120080541826,
            0.004021096164816687
        ]
    },
    "QQP": {
        "acc": [
            0.8308335394509028,
            0.005446416957654359
        ],
        "acc_and_f1": [
            0.8081985262887971,
            0.0067864518938249565
        ],
        "f1": [
            0.7855635131266914,
            0.013441271887019103
        ]
    },
    "RTE": {
        "acc": [
            0.5740072202166066,
            0.031222741242512134
        ]
    },
    "SST-2": {
        "acc": [
            0.8419724770642203,
            0.005045871559633031
        ]
    },
    "STS-B": {
        "corr": [
            0.8039842935723607,
            0.008373643728111215
        ],
        "pearson": [
            0.8007573016156246,
            0.00908978719375266
        ],
        "spearmanr": [
            0.8072112855290972,
            0.009098938291493884
        ]
    },
    "WNLI": {
        "acc": [
            0.5380281690140845,
            0.0507042253521127
        ]
    }
}