{
    "CoLA": {
        "mcc": [
            0.31186072259708875,
            0.16275100395294306
        ]
    },
    "MNLI": {
        "mnli-mm_acc": [
            0.7418836452400326,
            0.04018456281307703
        ],
        "mnli_acc": [
            0.7406826286296484,
            0.04347953513727677
        ]
    },
    "MRPC": {
        "acc": [
            0.7014705882352942,
            0.06964235543207073
        ],
        "acc_and_f1": [
            0.7290519539732024,
            0.08065531795617202
        ],
        "f1": [
            0.7566333197111107,
            0.0920301747395179
        ]
    },
    "QNLI": {
        "acc": [
            0.7679297089511257,
            0.11056204714918196
        ]
    },
    "QQP": {
        "acc": [
            0.7647192678703932,
            0.06117046453988475
        ],
        "acc_and_f1": [
            0.6746122875057144,
            0.1373290908658885
        ],
        "f1": [
            0.5845053071410357,
            0.21475290488444923
        ]
    },
    "RTE": {
        "acc": [
            0.5494584837545127,
            0.053077186857730274
        ]
    },
    "SST-2": {
        "acc": [
            0.7385321100917432,
            0.11139802242734764
        ]
    },
    "STS-B": {
        "corr": [
            0.4588210061724821,
            0.11662029066662746
        ],
        "pearson": [
            0.46070152064886327,
            0.11529786021715413
        ],
        "spearmanr": [
            0.4569404916961008,
            0.11798248385922046
        ]
    },
    "WNLI": {
        "acc": [
            0.476056338028169,
            0.07836860700418907
        ]
    }
}