{
    "CoLA": {
        "mcc": [
            0.0014351913015845476,
            0.0028703826031690953
        ]
    },
    "MNLI": {
        "mnli-mm_acc": [
            0.3264239218877136,
            0.00700908043495935
        ],
        "mnli_acc": [
            0.3259908303616913,
            0.0067100605039481735
        ]
    },
    "MRPC": {
        "acc": [
            0.3897058823529412,
            0.14705882352941177
        ],
        "acc_and_f1": [
            0.2760756486000514,
            0.2359748266118675
        ],
        "f1": [
            0.16244541484716157,
            0.32489082969432315
        ]
    },
    "QNLI": {
        "acc": [
            0.5045579352004393,
            0.01816221110048701
        ]
    },
    "QQP": {
        "acc": [
            0.6318327974276527,
            0.0
        ],
        "acc_and_f1": [
            0.3159163987138264,
            0.0
        ],
        "f1": [
            0.0,
            0.0
        ]
    },
    "RTE": {
        "acc": [
            0.4859205776173286,
            0.024228103589259968
        ]
    },
    "SST-2": {
        "acc": [
            0.5126146788990825,
            0.026530263744809636
        ]
    },
    "STS-B": {
        "corr": [
            0.20085951942914715,
            0.10362288528244712
        ],
        "pearson": [
            0.20186767580011705,
            0.10141061455474071
        ],
        "spearmanr": [
            0.19985136305817722,
            0.10595969737901283
        ]
    },
    "WNLI": {
        "acc": [
            0.3577464788732394,
            0.06336463030536334
        ]
    }
}