{
    "CoLA": {
        "mcc": [
            0.006316700532707458,
            0.009987532576237372
        ]
    },
    "MNLI": {
        "mnli-mm_acc": [
            0.31832790886899925,
            0.00016273393002441683
        ],
        "mnli_acc": [
            0.3181660723382578,
            4.0753948038707584e-05
        ]
    },
    "MRPC": {
        "acc": [
            0.3897058823529412,
            0.14705882352941177
        ],
        "acc_and_f1": [
            0.2760756486000514,
            0.2359748266118675
        ],
        "f1": [
            0.16244541484716157,
            0.32489082969432315
        ]
    },
    "QNLI": {
        "acc": [
            0.4930624199157972,
            0.01399658146474474
        ]
    },
    "QQP": {
        "acc": [
            0.5999159040316597,
            0.06383378679198615
        ],
        "acc_and_f1": [
            0.35124222791253984,
            0.07065165839742686
        ],
        "f1": [
            0.10256855179341992,
            0.20513710358683984
        ]
    },
    "RTE": {
        "acc": [
            0.516245487364621,
            0.021660649819494605
        ]
    },
    "SST-2": {
        "acc": [
            0.510091743119266,
            0.01744325994663444
        ]
    },
    "STS-B": {
        "corr": [
            0.058657791127736524,
            0.018562632368918065
        ],
        "pearson": [
            0.0571979706549879,
            0.020264561413337264
        ],
        "spearmanr": [
            0.060117611600485156,
            0.01686739465468031
        ]
    },
    "WNLI": {
        "acc": [
            0.5380281690140845,
            0.0507042253521127
        ]
    }
}