{
    "CoLA": {
        "mcc": [
            0.07867726054766534,
            0.040542062811615154
        ]
    },
    "MNLI": {
        "mnli-mm_acc": [
            0.5623881204231083,
            0.018710156238239843
        ],
        "mnli_acc": [
            0.5626082526744778,
            0.012705333346908059
        ]
    },
    "MRPC": {
        "acc": [
            0.3161764705882353,
            0.0
        ],
        "acc_and_f1": [
            0.15808823529411764,
            0.0
        ],
        "f1": [
            0.0,
            0.0
        ]
    },
    "QNLI": {
        "acc": [
            0.7116236500091524,
            0.05000218378136097
        ]
    },
    "QQP": {
        "acc": [
            0.7493643334157805,
            0.04667168922395355
        ],
        "acc_and_f1": [
            0.7071489037083667,
            0.08131555513147948
        ],
        "f1": [
            0.664933474000953,
            0.13044183308018753
        ]
    },
    "RTE": {
        "acc": [
            0.49097472924187724,
            0.03980952708184901
        ]
    },
    "SST-2": {
        "acc": [
            0.8,
            0.016389055123807183
        ]
    },
    "STS-B": {
        "corr": [
            0.3316670917149331,
            0.22396589863248173
        ],
        "pearson": [
            0.33642562634342943,
            0.22013026323340237
        ],
        "spearmanr": [
            0.32690855708643674,
            0.22787778440500694
        ]
    },
    "WNLI": {
        "acc": [
            0.5098591549295775,
            0.05519976885145191
        ]
    }
}