{
    "CoLA": {
        "mcc": [
            0.04061516745799206,
            0.015484740550221018
        ]
    },
    "MNLI": {
        "mnli-mm_acc": [
            0.44023596419853545,
            0.039399101499682516
        ],
        "mnli_acc": [
            0.440346408558329,
            0.03543684087789294
        ]
    },
    "MRPC": {
        "acc": [
            0.3161764705882353,
            0.0
        ],
        "acc_and_f1": [
            0.15808823529411764,
            0.0
        ],
        "f1": [
            0.0,
            0.0
        ]
    },
    "QNLI": {
        "acc": [
            0.6284825187625847,
            0.058766689932768006
        ]
    },
    "QQP": {
        "acc": [
            0.6527479594360623,
            0.018936699547978438
        ],
        "acc_and_f1": [
            0.3872318823412512,
            0.06319389984615933
        ],
        "f1": [
            0.12171580524644007,
            0.10746463415600786
        ]
    },
    "RTE": {
        "acc": [
            0.47942238267148013,
            0.012996389891696734
        ]
    },
    "SST-2": {
        "acc": [
            0.8477064220183486,
            0.007009498527493604
        ]
    },
    "STS-B": {
        "corr": [
            0.13043328994956316,
            0.16048609556033072
        ],
        "pearson": [
            0.13513363060778674,
            0.15836385683944545
        ],
        "spearmanr": [
            0.12573294929133957,
            0.16270580227114545
        ]
    },
    "WNLI": {
        "acc": [
            0.4901408450704225,
            0.06132828466782323
        ]
    }
}