{
    "CoLA": {
        "mcc": [
            0.34355580787286144,
            0.16715832492475338
        ]
    },
    "MNLI": {
        "mnli-mm_acc": [
            0.7460740439381611,
            0.04173749580616954
        ],
        "mnli_acc": [
            0.740376974019358,
            0.043732774717331356
        ]
    },
    "MRPC": {
        "acc": [
            0.7573529411764707,
            0.08640531527785808
        ],
        "acc_and_f1": [
            0.7780039709387349,
            0.0998382532108533
        ],
        "f1": [
            0.798655000700999,
            0.11341035313018405
        ]
    },
    "QNLI": {
        "acc": [
            0.7566172432729269,
            0.039768486471507436
        ]
    },
    "QQP": {
        "acc": [
            0.8353351471679445,
            0.03284710670465074
        ],
        "acc_and_f1": [
            0.7975918369217124,
            0.04554221676876353
        ],
        "f1": [
            0.7598485266754805,
            0.0591494390997288
        ]
    },
    "RTE": {
        "acc": [
            0.5025270758122743,
            0.029186112536328863
        ]
    },
    "SST-2": {
        "acc": [
            0.906651376146789,
            0.0068270073697877095
        ]
    },
    "STS-B": {
        "corr": [
            0.8664350981868602,
            0.008980003578655348
        ],
        "pearson": [
            0.8643367783907419,
            0.009458614501358655
        ],
        "spearmanr": [
            0.8685334179829788,
            0.008762431173654397
        ]
    },
    "WNLI": {
        "acc": [
            0.5070422535211268,
            0.06106896729205295
        ]
    }
}