{
    "CoLA": {
        "mcc": [
            -0.00520822781659062,
            0.022261880382928773
        ]
    },
    "MNLI": {
        "mnli-mm_acc": [
            0.5410496338486575,
            0.01784917959406197
        ],
        "mnli_acc": [
            0.533713703515028,
            0.018749208024773964
        ]
    },
    "MRPC": {
        "acc": [
            0.3161764705882353,
            0.0
        ],
        "acc_and_f1": [
            0.15808823529411764,
            0.0
        ],
        "f1": [
            0.0,
            0.0
        ]
    },
    "QNLI": {
        "acc": [
            0.6591982427237781,
            0.06636990002872106
        ]
    },
    "QQP": {
        "acc": [
            0.6983230274548602,
            0.05520004758055652
        ],
        "acc_and_f1": [
            0.519926253277296,
            0.16163115709266765
        ],
        "f1": [
            0.34152947909973186,
            0.2682125373371625
        ]
    },
    "RTE": {
        "acc": [
            0.48231046931407945,
            0.018772563176895286
        ]
    },
    "SST-2": {
        "acc": [
            0.8217889908256881,
            0.0065917925977981165
        ]
    },
    "STS-B": {
        "corr": [
            0.3439269014247631,
            0.1353960972924608
        ],
        "pearson": [
            0.3464108244590892,
            0.1304210265390391
        ],
        "spearmanr": [
            0.341442978390437,
            0.1404844721983041
        ]
    },
    "WNLI": {
        "acc": [
            0.5070422535211268,
            0.0584125108544443
        ]
    }
}