{
    "CoLA": {
        "mcc": [
            0.21011090341996302,
            0.02985610537825688
        ]
    },
    "MNLI": {
        "mnli-mm_acc": [
            0.7060414971521562,
            0.01642340842330047
        ],
        "mnli_acc": [
            0.6982373917473256,
            0.017338805389378972
        ]
    },
    "MRPC": {
        "acc": [
            0.33088235294117646,
            0.025799406601844637
        ],
        "acc_and_f1": [
            0.18576076791117613,
            0.04829297392625869
        ],
        "f1": [
            0.040639182881175774,
            0.07078670411950899
        ]
    },
    "QNLI": {
        "acc": [
            0.78184147904082,
            0.016580455110723445
        ]
    },
    "QQP": {
        "acc": [
            0.7650408112787535,
            0.03911582239082439
        ],
        "acc_and_f1": [
            0.6853478383622414,
            0.09388126769454296
        ],
        "f1": [
            0.6056548654457297,
            0.14874921820646317
        ]
    },
    "RTE": {
        "acc": [
            0.5227436823104693,
            0.037890662132568746
        ]
    },
    "SST-2": {
        "acc": [
            0.8600917431192661,
            0.006024736484662242
        ]
    },
    "STS-B": {
        "corr": [
            0.6433900637085654,
            0.030963798865522824
        ],
        "pearson": [
            0.6027720873006153,
            0.022455744752595073
        ],
        "spearmanr": [
            0.6840080401165158,
            0.039827396565796716
        ]
    },
    "WNLI": {
        "acc": [
            0.5126760563380282,
            0.05948932980828978
        ]
    }
}