{
    "CoLA": {
        "mcc": [
            0.302969171222755,
            0.044213450715203786
        ]
    },
    "MNLI": {
        "mnli-mm_acc": [
            0.7925345809601302,
            0.002901391266017139
        ],
        "mnli_acc": [
            0.7920326031584309,
            0.005348868349479954
        ]
    },
    "MRPC": {
        "acc": [
            0.45441176470588235,
            0.1798732412829725
        ],
        "acc_and_f1": [
            0.36571651274247435,
            0.25388668959303196
        ],
        "f1": [
            0.2770212607790663,
            0.32862306395632107
        ]
    },
    "QNLI": {
        "acc": [
            0.8374885593995973,
            0.004910917668186394
        ]
    },
    "QQP": {
        "acc": [
            0.8764432352213702,
            0.004255290387551639
        ],
        "acc_and_f1": [
            0.8612233927901899,
            0.003066735528491637
        ],
        "f1": [
            0.8460035503590099,
            0.0052277310249927815
        ]
    },
    "RTE": {
        "acc": [
            0.5797833935018051,
            0.0441910288753772
        ]
    },
    "SST-2": {
        "acc": [
            0.8940366972477065,
            0.007662061049766101
        ]
    },
    "STS-B": {
        "corr": [
            0.8198456799637956,
            0.04365819477695107
        ],
        "pearson": [
            0.8160700061488158,
            0.04400401982203824
        ],
        "spearmanr": [
            0.8236213537787753,
            0.04341869224393265
        ]
    },
    "WNLI": {
        "acc": [
            0.46760563380281683,
            0.055913896454307645
        ]
    }
}