{
    "CoLA": {
        "mcc": [
            0.49986028648564396,
            0.022476751948026966
        ]
    },
    "MNLI": {
        "mnli-mm_acc": [
            0.8316517493897478,
            0.004814765971263169
        ],
        "mnli_acc": [
            0.8280387162506366,
            0.00422811163000348
        ]
    },
    "MRPC": {
        "acc": [
            0.8215686274509804,
            0.006649343120711063
        ],
        "acc_and_f1": [
            0.8494114579347001,
            0.005619748923333287
        ],
        "f1": [
            0.8772542884184198,
            0.004794139363583718
        ]
    },
    "QNLI": {
        "acc": [
            0.8780523521874428,
            0.00284381570359709
        ]
    },
    "QQP": {
        "acc": [
            0.8933069502844422,
            0.004715351307715188
        ],
        "acc_and_f1": [
            0.8774610889572465,
            0.005029045961492179
        ],
        "f1": [
            0.8616152276300507,
            0.005361777839998383
        ]
    },
    "RTE": {
        "acc": [
            0.6245487364620939,
            0.03130611319664805
        ]
    },
    "SST-2": {
        "acc": [
            0.9178899082568808,
            0.00366972477064217
        ]
    },
    "STS-B": {
        "corr": [
            0.8627078194466076,
            0.009389477627148908
        ],
        "pearson": [
            0.8636660079459212,
            0.009403661875215371
        ],
        "spearmanr": [
            0.8617496309472943,
            0.009377197381060845
        ]
    },
    "WNLI": {
        "acc": [
            0.39436619718309857,
            0.03211761760842643
        ]
    }
}