{
    "CoLA": {
        "mcc": [
            0.5380518406336189,
            0.0033533807271573725
        ]
    },
    "MNLI": {
        "mnli-mm_acc": [
            0.8283157038242475,
            0.004417016019245008
        ],
        "mnli_acc": [
            0.8247172694854814,
            0.003864432818706416
        ]
    },
    "MRPC": {
        "acc": [
            0.7073529411764705,
            0.058178654703676044
        ],
        "acc_and_f1": [
            0.7244879821844332,
            0.06379598568012175
        ],
        "f1": [
            0.7416230231923959,
            0.06943981990774453
        ]
    },
    "QNLI": {
        "acc": [
            0.892732930624199,
            0.0031810630051222312
        ]
    },
    "QQP": {
        "acc": [
            0.8907741775908979,
            0.003756328569195082
        ],
        "acc_and_f1": [
            0.8730511225965605,
            0.0057144745564471555
        ],
        "f1": [
            0.8553280676022235,
            0.007677370489408702
        ]
    },
    "RTE": {
        "acc": [
            0.6101083032490975,
            0.04532088036527137
        ]
    },
    "SST-2": {
        "acc": [
            0.9194954128440367,
            0.0015213875185116424
        ]
    },
    "STS-B": {
        "corr": [
            0.840451494760331,
            0.013294649232650215
        ],
        "pearson": [
            0.8364397644377132,
            0.013427978486003014
        ],
        "spearmanr": [
            0.8444632250829487,
            0.013237772072771272
        ]
    },
    "WNLI": {
        "acc": [
            0.39718309859154927,
            0.04911435429341605
        ]
    }
}