{
    "CoLA": {
        "mcc": [
            0.14429205388159186,
            0.13723798795815423
        ]
    },
    "MNLI": {
        "mnli-mm_acc": [
            0.5687754271765664,
            0.048625331606575416
        ],
        "mnli_acc": [
            0.5748548140601121,
            0.04475019178398901
        ]
    },
    "MRPC": {
        "acc": [
            0.3348039215686274,
            0.031487229123042595
        ],
        "acc_and_f1": [
            0.19307498627905434,
            0.05882947941661234
        ],
        "f1": [
            0.05134605098948118,
            0.08617239738831425
        ]
    },
    "QNLI": {
        "acc": [
            0.6157422661541277,
            0.060694722769397934
        ]
    },
    "QQP": {
        "acc": [
            0.821508780608459,
            0.04465902436277776
        ],
        "acc_and_f1": [
            0.7755361665064344,
            0.0938283837077298
        ],
        "f1": [
            0.7295635524044095,
            0.1431665996096476
        ]
    },
    "RTE": {
        "acc": [
            0.4974729241877256,
            0.0455732385214715
        ]
    },
    "SST-2": {
        "acc": [
            0.8300458715596329,
            0.021385693029247768
        ]
    },
    "STS-B": {
        "corr": [
            0.8528244496091844,
            0.012317251296576329
        ],
        "pearson": [
            0.8525655005785502,
            0.013451902821553131
        ],
        "spearmanr": [
            0.8530833986398185,
            0.011498321396943194
        ]
    },
    "WNLI": {
        "acc": [
            0.5211267605633803,
            0.06423523521685286
        ]
    }
}