{
    "CoLA": {
        "mcc": [
            0.06520778256786797,
            0.04831058105814453
        ]
    },
    "MNLI": {
        "mnli-mm_acc": [
            0.6293124491456468,
            0.017540621086586675
        ],
        "mnli_acc": [
            0.6334793683138054,
            0.016521768151939183
        ]
    },
    "MRPC": {
        "acc": [
            0.3161764705882353,
            0.0
        ],
        "acc_and_f1": [
            0.15808823529411764,
            0.0
        ],
        "f1": [
            0.0,
            0.0
        ]
    },
    "QNLI": {
        "acc": [
            0.6340106168771736,
            0.022612843298804863
        ]
    },
    "QQP": {
        "acc": [
            0.7759881276279991,
            0.052648961417241645
        ],
        "acc_and_f1": [
            0.7655363462544927,
            0.04524127986624643
        ],
        "f1": [
            0.7550845648809865,
            0.038528235183289225
        ]
    },
    "RTE": {
        "acc": [
            0.49602888086642605,
            0.0336805885622833
        ]
    },
    "SST-2": {
        "acc": [
            0.7878440366972477,
            0.020958333580845267
        ]
    },
    "STS-B": {
        "corr": [
            0.6414046220290543,
            0.14449939292850217
        ],
        "pearson": [
            0.6430281340678846,
            0.14116118827978777
        ],
        "spearmanr": [
            0.639781109990224,
            0.14786783894311673
        ]
    },
    "WNLI": {
        "acc": [
            0.5014084507042254,
            0.07159585930782444
        ]
    }
}