{
    "CoLA": {
        "mcc": [
            0.3193576565840248,
            0.18311252580009313
        ]
    },
    "MNLI": {
        "mnli-mm_acc": [
            0.7852725793327908,
            0.006601325991641541
        ],
        "mnli_acc": [
            0.7855934793683139,
            0.006478660131599834
        ]
    },
    "MRPC": {
        "acc": [
            0.5558823529411765,
            0.12812228935814773
        ],
        "acc_and_f1": [
            0.528684788353952,
            0.166779018866079
        ],
        "f1": [
            0.5014872237667276,
            0.20617637341012043
        ]
    },
    "QNLI": {
        "acc": [
            0.8452132527915065,
            0.011631128134771174
        ]
    },
    "QQP": {
        "acc": [
            0.8903339104625279,
            0.009912638209038817
        ],
        "acc_and_f1": [
            0.871899885108893,
            0.0174879855712979
        ],
        "f1": [
            0.8534658597552582,
            0.025104053687862022
        ]
    },
    "RTE": {
        "acc": [
            0.5740072202166064,
            0.023507322160432775
        ]
    },
    "SST-2": {
        "acc": [
            0.8740825688073395,
            0.003655361800575527
        ]
    },
    "STS-B": {
        "corr": [
            0.8704472122896171,
            0.007070533668225833
        ],
        "pearson": [
            0.871267119519201,
            0.007897710079501135
        ],
        "spearmanr": [
            0.869627305060033,
            0.006326960252622956
        ]
    },
    "WNLI": {
        "acc": [
            0.476056338028169,
            0.047471266327754134
        ]
    }
}