{
    "CoLA": {
        "mcc": [
            0.10231822417217076,
            0.0738845086798058
        ]
    },
    "MNLI": {
        "mnli-mm_acc": [
            0.6119812855980472,
            0.03575653432972058
        ],
        "mnli_acc": [
            0.5980234335201222,
            0.03675870565311408
        ]
    },
    "MRPC": {
        "acc": [
            0.3161764705882353,
            0.0
        ],
        "acc_and_f1": [
            0.15808823529411764,
            0.0
        ],
        "f1": [
            0.0,
            0.0
        ]
    },
    "QNLI": {
        "acc": [
            0.5509427054731832,
            0.025067078041653944
        ]
    },
    "QQP": {
        "acc": [
            0.8063319317338611,
            0.018999131436766816
        ],
        "acc_and_f1": [
            0.7786624208689938,
            0.047335626362482126
        ],
        "f1": [
            0.7509929100041266,
            0.07839390460173985
        ]
    },
    "RTE": {
        "acc": [
            0.49891696750902526,
            0.04352539169126796
        ]
    },
    "SST-2": {
        "acc": [
            0.7155963302752293,
            0.05663326605751592
        ]
    },
    "STS-B": {
        "corr": [
            0.8265781333410661,
            0.03437163530900643
        ],
        "pearson": [
            0.8246958433759941,
            0.03578688522830535
        ],
        "spearmanr": [
            0.8284604233061383,
            0.03301007344784008
        ]
    },
    "WNLI": {
        "acc": [
            0.504225352112676,
            0.05148075178168189
        ]
    }
}