{
    "CoLA": {
        "mcc": [
            0.3793367971593212,
            0.016052530568185203
        ]
    },
    "MNLI": {
        "mnli-mm_acc": [
            0.824593165174939,
            0.004007168137503028
        ],
        "mnli_acc": [
            0.8189913397860418,
            0.004425417155068412
        ]
    },
    "MRPC": {
        "acc": [
            0.7784313725490196,
            0.034855664381629764
        ],
        "acc_and_f1": [
            0.8058425383662048,
            0.034192050256663505
        ],
        "f1": [
            0.8332537041833902,
            0.03354589149622357
        ]
    },
    "QNLI": {
        "acc": [
            0.8843492586490939,
            0.004279447686971268
        ]
    },
    "QQP": {
        "acc": [
            0.876992332426416,
            0.0050077719282970055
        ],
        "acc_and_f1": [
            0.8595967742134203,
            0.007291880365496488
        ],
        "f1": [
            0.8422012160004246,
            0.009639542450456597
        ]
    },
    "RTE": {
        "acc": [
            0.607942238267148,
            0.02829735442926413
        ]
    },
    "SST-2": {
        "acc": [
            0.9084862385321101,
            0.003355215329891702
        ]
    },
    "STS-B": {
        "corr": [
            0.8439006816949124,
            0.015332825705386369
        ],
        "pearson": [
            0.8403149592053889,
            0.015795926162092275
        ],
        "spearmanr": [
            0.8474864041844363,
            0.014959771430315898
        ]
    },
    "WNLI": {
        "acc": [
            0.39436619718309857,
            0.04959666721594088
        ]
    }
}