{
    "CoLA": {
        "mcc": [
            0.5253966092586719,
            0.04727444530159646
        ]
    },
    "MNLI": {
        "mnli-mm_acc": [
            0.8085028478437755,
            0.010673387427286456
        ],
        "mnli_acc": [
            0.8042384105960265,
            0.013344444517709069
        ]
    },
    "MRPC": {
        "acc": [
            0.7715686274509803,
            0.05651941652604392
        ],
        "acc_and_f1": [
            0.7910138702827609,
            0.06066661895230633
        ],
        "f1": [
            0.8104591131145413,
            0.06486850488185723
        ]
    },
    "QNLI": {
        "acc": [
            0.8865092440051254,
            0.0016975322159062606
        ]
    },
    "QQP": {
        "acc": [
            0.89403907989117,
            0.003952569328587021
        ],
        "acc_and_f1": [
            0.8779371851041831,
            0.005636030182842349
        ],
        "f1": [
            0.8618352903171962,
            0.008918882501681224
        ]
    },
    "RTE": {
        "acc": [
            0.5306859205776174,
            0.022602853202163955
        ]
    },
    "SST-2": {
        "acc": [
            0.9107798165137615,
            0.007958418152705237
        ]
    },
    "STS-B": {
        "corr": [
            0.8785255681384692,
            0.0034559245596160883
        ],
        "pearson": [
            0.8790236567658463,
            0.003949366319877948
        ],
        "spearmanr": [
            0.8780274795110922,
            0.0030826111298445005
        ]
    },
    "WNLI": {
        "acc": [
            0.4647887323943662,
            0.0830866546690289
        ]
    }
}