{
    "CoLA": {
        "mcc": [
            0.5286592527300404,
            0.02417129533367475
        ]
    },
    "MNLI": {
        "mnli-mm_acc": [
            0.8090113913751018,
            0.009607548891018504
        ],
        "mnli_acc": [
            0.8047478349465104,
            0.009984634097816523
        ]
    },
    "MRPC": {
        "acc": [
            0.7965686274509804,
            0.04590601869977708
        ],
        "acc_and_f1": [
            0.8221464327221197,
            0.04718245373289614
        ],
        "f1": [
            0.8477242379932587,
            0.049803898446620434
        ]
    },
    "QNLI": {
        "acc": [
            0.8147171883580452,
            0.009505475427694846
        ]
    },
    "QQP": {
        "acc": [
            0.8847637892653971,
            0.010347173594104309
        ],
        "acc_and_f1": [
            0.8714988472352101,
            0.00842008877620908
        ],
        "f1": [
            0.858233905205023,
            0.006542312533279272
        ]
    },
    "RTE": {
        "acc": [
            0.628158844765343,
            0.028242032080300284
        ]
    },
    "SST-2": {
        "acc": [
            0.9229357798165138,
            0.003796547100285954
        ]
    },
    "STS-B": {
        "corr": [
            0.8792525809278133,
            0.0036238114545906652
        ],
        "pearson": [
            0.8802713362730451,
            0.004611996186639995
        ],
        "spearmanr": [
            0.8782338255825817,
            0.002824957756730102
        ]
    },
    "WNLI": {
        "acc": [
            0.4591549295774648,
            0.09903321595068701
        ]
    }
}