{
    "CoLA": {
        "mcc": [
            0.3782687999652464,
            0.06716652003540016
        ]
    },
    "MNLI": {
        "mnli-mm_acc": [
            0.7764442636289667,
            0.010791097217546362
        ],
        "mnli_acc": [
            0.7763219561895058,
            0.011012354747501849
        ]
    },
    "MRPC": {
        "acc": [
            0.4588235294117647,
            0.13904988746267763
        ],
        "acc_and_f1": [
            0.38353571020185095,
            0.19330221340404827
        ],
        "f1": [
            0.3082478909919373,
            0.2482748065321766
        ]
    },
    "QNLI": {
        "acc": [
            0.8129233022149002,
            0.00658876881122258
        ]
    },
    "QQP": {
        "acc": [
            0.8524214692060351,
            0.004356001618826823
        ],
        "acc_and_f1": [
            0.835117716944991,
            0.010730516526419957
        ],
        "f1": [
            0.8178139646839471,
            0.022038736202007116
        ]
    },
    "RTE": {
        "acc": [
            0.612274368231047,
            0.03997940274341408
        ]
    },
    "SST-2": {
        "acc": [
            0.8961009174311927,
            0.004897742317445564
        ]
    },
    "STS-B": {
        "corr": [
            0.8466403192006456,
            0.038294595670425556
        ],
        "pearson": [
            0.8458958020789055,
            0.04003793908309267
        ],
        "spearmanr": [
            0.8473848363223858,
            0.036606355456982195
        ]
    },
    "WNLI": {
        "acc": [
            0.4704225352112676,
            0.04234731374189551
        ]
    }
}