{
    "CoLA": {
        "mcc": [
            0.1676407275395217,
            0.15434143781096213
        ]
    },
    "MNLI": {
        "mnli-mm_acc": [
            0.5978641171684297,
            0.025284988939680356
        ],
        "mnli_acc": [
            0.5947631176770249,
            0.028062178457422204
        ]
    },
    "MRPC": {
        "acc": [
            0.39313725490196083,
            0.10370398976544644
        ],
        "acc_and_f1": [
            0.2847421288507414,
            0.1627963647241482
        ],
        "f1": [
            0.17634700279952198,
            0.22203750768554734
        ]
    },
    "QNLI": {
        "acc": [
            0.7063518213435841,
            0.04332941556370491
        ]
    },
    "QQP": {
        "acc": [
            0.8218006430868169,
            0.05557108420838266
        ],
        "acc_and_f1": [
            0.7691076618655173,
            0.11601046408195007
        ],
        "f1": [
            0.7164146806442179,
            0.1765495593529387
        ]
    },
    "RTE": {
        "acc": [
            0.4859205776173285,
            0.017328519855595668
        ]
    },
    "SST-2": {
        "acc": [
            0.8082568807339449,
            0.037177194070328226
        ]
    },
    "STS-B": {
        "corr": [
            0.8551397983653523,
            0.01614357798172213
        ],
        "pearson": [
            0.8546346856717533,
            0.01671329227155265
        ],
        "spearmanr": [
            0.8556449110589515,
            0.015886246140516588
        ]
    },
    "WNLI": {
        "acc": [
            0.4985915492957746,
            0.05675899064678843
        ]
    }
}