{
    "CoLA": {
        "mcc": [
            0.30798173095543707,
            0.17298658890130983
        ]
    },
    "MNLI": {
        "mnli-mm_acc": [
            0.6369406021155412,
            0.040627942153752775
        ],
        "mnli_acc": [
            0.6278145695364239,
            0.03803606601918196
        ]
    },
    "MRPC": {
        "acc": [
            0.6470588235294118,
            0.18766252727851607
        ],
        "acc_and_f1": [
            0.6296274661934378,
            0.251899884288935
        ],
        "f1": [
            0.6121961088574638,
            0.3172385501623262
        ]
    },
    "QNLI": {
        "acc": [
            0.5017755811825004,
            0.00810924218573587
        ]
    },
    "QQP": {
        "acc": [
            0.7498095473658173,
            0.06670018043353171
        ],
        "acc_and_f1": [
            0.7449898468697354,
            0.05243248090892708
        ],
        "f1": [
            0.7401701463736534,
            0.03824101778686992
        ]
    },
    "RTE": {
        "acc": [
            0.524187725631769,
            0.03517957462838941
        ]
    },
    "SST-2": {
        "acc": [
            0.9057339449541285,
            0.006297949641167865
        ]
    },
    "STS-B": {
        "corr": [
            0.8662811581084945,
            0.011324737705339667
        ],
        "pearson": [
            0.8677771180529603,
            0.01143942793233899
        ],
        "spearmanr": [
            0.8647851981640284,
            0.011683693687149036
        ]
    },
    "WNLI": {
        "acc": [
            0.5267605633802817,
            0.047638125423345834
        ]
    }
}