{
    "CoLA": {
        "mcc": [
            0.12072444811580954,
            0.0797861659164019
        ]
    },
    "MNLI": {
        "mnli-mm_acc": [
            0.5919650122050447,
            0.059202763938069614
        ],
        "mnli_acc": [
            0.6025674987264391,
            0.04980786071417003
        ]
    },
    "MRPC": {
        "acc": [
            0.31666666666666665,
            0.0009803921568627416
        ],
        "acc_and_f1": [
            0.15904761904761905,
            0.0019187675070027942
        ],
        "f1": [
            0.0014285714285714288,
            0.002857142857142857
        ]
    },
    "QNLI": {
        "acc": [
            0.6632619439868204,
            0.04760663849289719
        ]
    },
    "QQP": {
        "acc": [
            0.798501113034875,
            0.025001138825888676
        ],
        "acc_and_f1": [
            0.7842113674523488,
            0.01871865878824693
        ],
        "f1": [
            0.7699216218698226,
            0.018451071660629165
        ]
    },
    "RTE": {
        "acc": [
            0.49386281588447656,
            0.031752539245192814
        ]
    },
    "SST-2": {
        "acc": [
            0.7497706422018349,
            0.03690736862880867
        ]
    },
    "STS-B": {
        "corr": [
            0.7433080316410441,
            0.06301613415272557
        ],
        "pearson": [
            0.7404685536997997,
            0.06391531201722962
        ],
        "spearmanr": [
            0.7461475095822886,
            0.06223528953590437
        ]
    },
    "WNLI": {
        "acc": [
            0.4788732394366197,
            0.06957233259283646
        ]
    }
}