{
    "CoLA": {
        "mcc": [
            0.3512319281153796,
            0.030790340145578313
        ]
    },
    "MNLI": {
        "mnli-mm_acc": [
            0.8002441008950365,
            0.007835928114589328
        ],
        "mnli_acc": [
            0.7967804381049415,
            0.004534781000446616
        ]
    },
    "MRPC": {
        "acc": [
            0.5514705882352942,
            0.11348859708617869
        ],
        "acc_and_f1": [
            0.5303426127291485,
            0.14453206398221843
        ],
        "f1": [
            0.5092146372230029,
            0.17598739448810632
        ]
    },
    "QNLI": {
        "acc": [
            0.8705839282445543,
            0.008550591773111238
        ]
    },
    "QQP": {
        "acc": [
            0.84076181053673,
            0.011338823160969198
        ],
        "acc_and_f1": [
            0.8029064118144799,
            0.019562415816592425
        ],
        "f1": [
            0.7650510130922299,
            0.027805872563235804
        ]
    },
    "RTE": {
        "acc": [
            0.5703971119133573,
            0.05460699032834377
        ]
    },
    "SST-2": {
        "acc": [
            0.9055045871559633,
            0.003370857444197011
        ]
    },
    "STS-B": {
        "corr": [
            0.7742106638589229,
            0.025661100728843245
        ],
        "pearson": [
            0.7497241044896044,
            0.025211055216653705
        ],
        "spearmanr": [
            0.7986972232282413,
            0.026127280263240706
        ]
    },
    "WNLI": {
        "acc": [
            0.46760563380281683,
            0.0657008664207921
        ]
    }
}