{
    "CoLA": {
        "mcc": [
            0.5038507901045544,
            0.04501725597673659
        ]
    },
    "MNLI": {
        "mnli-mm_acc": [
            0.8183889340927581,
            0.005139098475522302
        ],
        "mnli_acc": [
            0.8154865002547123,
            0.007276320406590503
        ]
    },
    "MRPC": {
        "acc": [
            0.8205882352941176,
            0.006827641312345174
        ],
        "acc_and_f1": [
            0.8455273103926867,
            0.007024265409266953
        ],
        "f1": [
            0.8704663854912559,
            0.008815552586513417
        ]
    },
    "QNLI": {
        "acc": [
            0.8538531942156323,
            0.014886604201037339
        ]
    },
    "QQP": {
        "acc": [
            0.8944546129112046,
            0.008116487757364068
        ],
        "acc_and_f1": [
            0.8780220538920822,
            0.007803151740376585
        ],
        "f1": [
            0.8615894948729597,
            0.00760861236863775
        ]
    },
    "RTE": {
        "acc": [
            0.5386281588447653,
            0.05087051250197411
        ]
    },
    "SST-2": {
        "acc": [
            0.9215596330275229,
            0.0031280233249967493
        ]
    },
    "STS-B": {
        "corr": [
            0.8731331403975112,
            0.003911998568789113
        ],
        "pearson": [
            0.8720865185048103,
            0.007280177678154152
        ],
        "spearmanr": [
            0.8741797622902123,
            0.0015481151162326818
        ]
    },
    "WNLI": {
        "acc": [
            0.4732394366197183,
            0.0560556302595279
        ]
    }
}