{
    "CoLA": {
        "mcc": [
            0.1181982029620059,
            0.043145969542079284
        ]
    },
    "MNLI": {
        "mnli-mm_acc": [
            0.7753254678600489,
            0.009204272657498501
        ],
        "mnli_acc": [
            0.7711258278145696,
            0.011173867500580434
        ]
    },
    "MRPC": {
        "acc": [
            0.45441176470588235,
            0.16921778791324346
        ],
        "acc_and_f1": [
            0.37075085204897873,
            0.23413777749998319
        ],
        "f1": [
            0.287089939392075,
            0.29965932346911417
        ]
    },
    "QNLI": {
        "acc": [
            0.8305326743547502,
            0.01014788452825585
        ]
    },
    "QQP": {
        "acc": [
            0.8584219638882018,
            0.007029518878430446
        ],
        "acc_and_f1": [
            0.8357368571549811,
            0.008792568648321997
        ],
        "f1": [
            0.8130517504217604,
            0.011388574580396665
        ]
    },
    "RTE": {
        "acc": [
            0.5754512635379061,
            0.04770809685684274
        ]
    },
    "SST-2": {
        "acc": [
            0.8956422018348624,
            0.0036264652066151097
        ]
    },
    "STS-B": {
        "corr": [
            0.816362710938997,
            0.027335086820496433
        ],
        "pearson": [
            0.8078460916634113,
            0.026108174188096852
        ],
        "spearmanr": [
            0.8248793302145827,
            0.028805675182915047
        ]
    },
    "WNLI": {
        "acc": [
            0.4985915492957746,
            0.032850433210396074
        ]
    }
}