{
    "CoLA": {
        "mcc": [
            0.4141105329028278,
            0.03251654237709077
        ]
    },
    "MNLI": {
        "mnli-mm_acc": [
            0.7810618388934092,
            0.005513550071939349
        ],
        "mnli_acc": [
            0.7784411614875191,
            0.0035625338217752903
        ]
    },
    "MRPC": {
        "acc": [
            0.6009803921568627,
            0.13603625667286476
        ],
        "acc_and_f1": [
            0.5864944649634449,
            0.16594986274712473
        ],
        "f1": [
            0.5720085377700272,
            0.1960506037158019
        ]
    },
    "QNLI": {
        "acc": [
            0.8632619439868204,
            0.008449677695589408
        ]
    },
    "QQP": {
        "acc": [
            0.8690279495424191,
            0.009409270937999814
        ],
        "acc_and_f1": [
            0.8549141960532921,
            0.005997541674832808
        ],
        "f1": [
            0.8408004425641655,
            0.003642337214912707
        ]
    },
    "RTE": {
        "acc": [
            0.6,
            0.028554108206910015
        ]
    },
    "SST-2": {
        "acc": [
            0.896559633027523,
            0.008186499219070985
        ]
    },
    "STS-B": {
        "corr": [
            0.8669497477546069,
            0.01222941041743913
        ],
        "pearson": [
            0.866621619826466,
            0.01453615609591125
        ],
        "spearmanr": [
            0.8672778756827478,
            0.010067608752583673
        ]
    },
    "WNLI": {
        "acc": [
            0.4873239436619718,
            0.045942271634648146
        ]
    }
}