{
    "CoLA": {
        "mcc": [
            0.42714641896519534,
            0.06858566858624474
        ]
    },
    "MNLI": {
        "mnli-mm_acc": [
            0.7969690805532954,
            0.03148573012340816
        ],
        "mnli_acc": [
            0.7920122261844116,
            0.03408249774966972
        ]
    },
    "MRPC": {
        "acc": [
            0.6691176470588235,
            0.12994357454063785
        ],
        "acc_and_f1": [
            0.6892085006885832,
            0.16671127267737415
        ],
        "f1": [
            0.709299354318343,
            0.20412259794896265
        ]
    },
    "QNLI": {
        "acc": [
            0.8626761852462017,
            0.026632654644692475
        ]
    },
    "QQP": {
        "acc": [
            0.857744249319812,
            0.04030570785980516
        ],
        "acc_and_f1": [
            0.8274467948001802,
            0.060106913778785076
        ],
        "f1": [
            0.7971493402805485,
            0.08069625111946961
        ]
    },
    "RTE": {
        "acc": [
            0.5913357400722022,
            0.029186112536328884
        ]
    },
    "SST-2": {
        "acc": [
            0.8052752293577982,
            0.10864976910036125
        ]
    },
    "STS-B": {
        "corr": [
            0.6987265046481725,
            0.13563785769090778
        ],
        "pearson": [
            0.698351044897764,
            0.13089708970224137
        ],
        "spearmanr": [
            0.6991019643985807,
            0.14063910405763566
        ]
    },
    "WNLI": {
        "acc": [
            0.5267605633802817,
            0.05007433474543996
        ]
    }
}