{
    "CoLA": {
        "mcc": [
            0.49826068854805944,
            0.013001040772713019
        ]
    },
    "MNLI": {
        "mnli-mm_acc": [
            0.8403173311635477,
            0.004184173055478182
        ],
        "mnli_acc": [
            0.8360876209882833,
            0.0034020394045856267
        ]
    },
    "MRPC": {
        "acc": [
            0.8049019607843138,
            0.015392469086380006
        ],
        "acc_and_f1": [
            0.8331054390762767,
            0.012785264158251682
        ],
        "f1": [
            0.8613089173682397,
            0.011493744501108748
        ]
    },
    "QNLI": {
        "acc": [
            0.908694856306059,
            0.0013371394741167602
        ]
    },
    "QQP": {
        "acc": [
            0.8999950531783331,
            0.002002662573834217
        ],
        "acc_and_f1": [
            0.8860793376306866,
            0.0009316483768421551
        ],
        "f1": [
            0.8721636220830404,
            0.0007556422286213437
        ]
    },
    "RTE": {
        "acc": [
            0.6166064981949457,
            0.013963234372428685
        ]
    },
    "SST-2": {
        "acc": [
            0.9240825688073395,
            0.0015213875185116424
        ]
    },
    "STS-B": {
        "corr": [
            0.8806149709874486,
            0.005652760293350851
        ],
        "pearson": [
            0.881681272069726,
            0.005407049044735924
        ],
        "spearmanr": [
            0.8795486699051711,
            0.0060217273619897595
        ]
    },
    "WNLI": {
        "acc": [
            0.38591549295774646,
            0.04418137222917781
        ]
    }
}