{
    "CoLA": {
        "mcc": [
            0.22521223228017284,
            0.04857871777026625
        ]
    },
    "MNLI": {
        "mnli-mm_acc": [
            0.49406021155410906,
            0.03237933684306136
        ],
        "mnli_acc": [
            0.5080590932246561,
            0.03693658038419423
        ]
    },
    "MRPC": {
        "acc": [
            0.5632352941176471,
            0.1705600607790372
        ],
        "acc_and_f1": [
            0.5463404116943433,
            0.2581736207834592
        ],
        "f1": [
            0.5294455292710396,
            0.34637855086954916
        ]
    },
    "QNLI": {
        "acc": [
            0.7713710415522607,
            0.006042300870811694
        ]
    },
    "QQP": {
        "acc": [
            0.6728221617610686,
            0.07538514661666038
        ],
        "acc_and_f1": [
            0.677476318223305,
            0.05155728194809463
        ],
        "f1": [
            0.6821304746855413,
            0.027837365545691058
        ]
    },
    "RTE": {
        "acc": [
            0.5610108303249097,
            0.010108303249097473
        ]
    },
    "SST-2": {
        "acc": [
            0.8793577981651376,
            0.014941740802662706
        ]
    },
    "STS-B": {
        "corr": [
            0.5850156736618072,
            0.15607210004749994
        ],
        "pearson": [
            0.5804960534585633,
            0.1438753469888079
        ],
        "spearmanr": [
            0.5895352938650511,
            0.16827869468795376
        ]
    },
    "WNLI": {
        "acc": [
            0.4676056338028169,
            0.07631671653038911
        ]
    }
}