{
    "CoLA": {
        "mcc": [
            0.2018586573961671,
            0.04538796845272717
        ]
    },
    "MNLI": {
        "mnli-mm_acc": [
            0.40663140764849465,
            0.05742095603401706
        ],
        "mnli_acc": [
            0.413998981151299,
            0.05410885121042652
        ]
    },
    "MRPC": {
        "acc": [
            0.5446078431372549,
            0.18706231755687755
        ],
        "acc_and_f1": [
            0.5146067339202455,
            0.29113354570889255
        ],
        "f1": [
            0.4846056247032358,
            0.39571024156362916
        ]
    },
    "QNLI": {
        "acc": [
            0.6722313747025443,
            0.016559910211702226
        ]
    },
    "QQP": {
        "acc": [
            0.5333366312144447,
            0.049280882983080185
        ],
        "acc_and_f1": [
            0.5072139261709121,
            0.09418182768658098
        ],
        "f1": [
            0.4810912211273794,
            0.23748078432180464
        ]
    },
    "RTE": {
        "acc": [
            0.555956678700361,
            0.014074793277702486
        ]
    },
    "SST-2": {
        "acc": [
            0.8461009174311928,
            0.07160372671155635
        ]
    },
    "STS-B": {
        "corr": [
            0.24797603574777022,
            0.29879076157595996
        ],
        "pearson": [
            0.2305555875866175,
            0.2682813898259985
        ],
        "spearmanr": [
            0.265396483908923,
            0.3305850643447873
        ]
    },
    "WNLI": {
        "acc": [
            0.4873239436619718,
            0.06991365434361048
        ]
    }
}