{
    "CoLA": {
        "mcc": [
            0.5079354005388199,
            0.011181715222449208
        ]
    },
    "MNLI": {
        "mnli-mm_acc": [
            0.8394019528071602,
            0.003275588850383079
        ],
        "mnli_acc": [
            0.8380641874681609,
            0.001692147895427573
        ]
    },
    "MRPC": {
        "acc": [
            0.803921568627451,
            0.009555680730204873
        ],
        "acc_and_f1": [
            0.8318214649971505,
            0.00902369209840303
        ],
        "f1": [
            0.8597213613668501,
            0.009718634473859114
        ]
    },
    "QNLI": {
        "acc": [
            0.9104521325279151,
            0.0005948408130797081
        ]
    },
    "QQP": {
        "acc": [
            0.9034677219886224,
            0.0006497871987273001
        ],
        "acc_and_f1": [
            0.889125083205378,
            0.0011390475536711363
        ],
        "f1": [
            0.8747824444221338,
            0.0019873385763351506
        ]
    },
    "RTE": {
        "acc": [
            0.6216606498194948,
            0.01969412519420338
        ]
    },
    "SST-2": {
        "acc": [
            0.9245412844036697,
            0.0021020989426403128
        ]
    },
    "STS-B": {
        "corr": [
            0.881485138619594,
            0.005841256641637152
        ],
        "pearson": [
            0.8828733332906538,
            0.005848188489193464
        ],
        "spearmanr": [
            0.8800969439485341,
            0.005911817616694867
        ]
    },
    "WNLI": {
        "acc": [
            0.3774647887323943,
            0.04215951985097398
        ]
    }
}