{
    "CoLA": {
        "mcc": [
            0.4674339306047298,
            0.016935252368666647
        ]
    },
    "MNLI": {
        "mnli-mm_acc": [
            0.8032343368592352,
            0.0038588234903009127
        ],
        "mnli_acc": [
            0.8046255731023942,
            0.004306055284155993
        ]
    },
    "MRPC": {
        "acc": [
            0.7887254901960784,
            0.011744263285010706
        ],
        "acc_and_f1": [
            0.8163811921660491,
            0.013348878446719233
        ],
        "f1": [
            0.8440368941360198,
            0.016338465921081586
        ]
    },
    "QNLI": {
        "acc": [
            0.900274574409665,
            0.0014338756015058473
        ]
    },
    "QQP": {
        "acc": [
            0.8833935196636162,
            0.006986281894798518
        ],
        "acc_and_f1": [
            0.8698347157640187,
            0.005607667631850511
        ],
        "f1": [
            0.8562759118644209,
            0.004443545118872091
        ]
    },
    "RTE": {
        "acc": [
            0.6209386281588447,
            0.017978194365326678
        ]
    },
    "SST-2": {
        "acc": [
            0.9208715596330276,
            0.0045294535913145565
        ]
    },
    "STS-B": {
        "corr": [
            0.8761281497750166,
            0.006585614783596117
        ],
        "pearson": [
            0.8766472522889617,
            0.006487678804677056
        ],
        "spearmanr": [
            0.8756090472610717,
            0.0068588939557718085
        ]
    },
    "WNLI": {
        "acc": [
            0.3971830985915493,
            0.04489402098734993
        ]
    }
}