{
    "CoLA": {
        "mcc": [
            0.45648419258334527,
            0.021252348757928075
        ]
    },
    "MNLI": {
        "mnli-mm_acc": [
            0.7939991863303498,
            0.0045337903628916865
        ],
        "mnli_acc": [
            0.7954763117677025,
            0.0059288240754496865
        ]
    },
    "MRPC": {
        "acc": [
            0.7759803921568628,
            0.01764705882352943
        ],
        "acc_and_f1": [
            0.8034344014129511,
            0.019787916015626093
        ],
        "f1": [
            0.8308884106690394,
            0.024154298630050676
        ]
    },
    "QNLI": {
        "acc": [
            0.8947098663737872,
            0.0021422279096946963
        ]
    },
    "QQP": {
        "acc": [
            0.8735295572594609,
            0.01081694019920538
        ],
        "acc_and_f1": [
            0.8598867717328005,
            0.008164279887040384
        ],
        "f1": [
            0.8462439862061402,
            0.005879240092854715
        ]
    },
    "RTE": {
        "acc": [
            0.6129963898916968,
            0.01358475647814208
        ]
    },
    "SST-2": {
        "acc": [
            0.9201834862385321,
            0.00495115439103734
        ]
    },
    "STS-B": {
        "corr": [
            0.8726341319455333,
            0.0053797650092886895
        ],
        "pearson": [
            0.8720419976316902,
            0.005300099769117723
        ],
        "spearmanr": [
            0.8732262662593765,
            0.006041672602064485
        ]
    },
    "WNLI": {
        "acc": [
            0.3971830985915493,
            0.04662801509083619
        ]
    }
}