{
    "CoLA": {
        "mcc": [
            0.4182038918043589,
            0.02426111317969124
        ]
    },
    "MNLI": {
        "mnli-mm_acc": [
            0.8010170870626526,
            0.0038929862636683165
        ],
        "mnli_acc": [
            0.8052165053489556,
            0.005884466494683935
        ]
    },
    "MRPC": {
        "acc": [
            0.7745098039215685,
            0.041853674913993284
        ],
        "acc_and_f1": [
            0.8130149341712839,
            0.0294514797530786
        ],
        "f1": [
            0.851520064420999,
            0.01746920597987525
        ]
    },
    "QNLI": {
        "acc": [
            0.8784916712429067,
            0.00333210624286517
        ]
    },
    "QQP": {
        "acc": [
            0.8492950779124413,
            0.025278195794348823
        ],
        "acc_and_f1": [
            0.8374742084390006,
            0.022394977654177986
        ],
        "f1": [
            0.8256533389655599,
            0.01951666828276784
        ]
    },
    "RTE": {
        "acc": [
            0.5805054151624549,
            0.004789349877769532
        ]
    },
    "SST-2": {
        "acc": [
            0.9197247706422018,
            0.0014505860826460018
        ]
    },
    "STS-B": {
        "corr": [
            0.8389229349773561,
            0.01329696713263353
        ],
        "pearson": [
            0.8374999829408394,
            0.011902682635033766
        ],
        "spearmanr": [
            0.8403458870138731,
            0.015400102690548976
        ]
    },
    "WNLI": {
        "acc": [
            0.4450704225352113,
            0.07159585930782443
        ]
    }
}