{
    "CoLA": {
        "mcc": [
            0.423253001429088,
            0.019101247349267443
        ]
    },
    "MNLI": {
        "mnli-mm_acc": [
            0.8166802278275019,
            0.0023073309907972656
        ],
        "mnli_acc": [
            0.8200916963830871,
            0.00393724058628745
        ]
    },
    "MRPC": {
        "acc": [
            0.7882352941176469,
            0.03557216187554262
        ],
        "acc_and_f1": [
            0.8240013394194741,
            0.02565081970785343
        ],
        "f1": [
            0.859767384721301,
            0.016058855840173983
        ]
    },
    "QNLI": {
        "acc": [
            0.8961010433827568,
            0.0018253634797463527
        ]
    },
    "QQP": {
        "acc": [
            0.8783873361365323,
            0.010422207798312738
        ],
        "acc_and_f1": [
            0.8654746739745338,
            0.009299874862002218
        ],
        "f1": [
            0.8525620118125353,
            0.008190142175327129
        ]
    },
    "RTE": {
        "acc": [
            0.5927797833935018,
            0.004210073570285433
        ]
    },
    "SST-2": {
        "acc": [
            0.9167431192660549,
            0.003878792322313692
        ]
    },
    "STS-B": {
        "corr": [
            0.8630841926334714,
            0.009370629886923474
        ],
        "pearson": [
            0.8617599599604594,
            0.008442295497065341
        ],
        "spearmanr": [
            0.8644084253064838,
            0.010929133242721914
        ]
    },
    "WNLI": {
        "acc": [
            0.4084507042253521,
            0.050390264281685394
        ]
    }
}