{
    "CoLA": {
        "mcc": [
            0.5395640553010074,
            0.014380224069483808
        ]
    },
    "MNLI": {
        "mnli-mm_acc": [
            0.8286411716842961,
            0.004017378025128607
        ],
        "mnli_acc": [
            0.8247987773815588,
            0.00466476959818451
        ]
    },
    "MRPC": {
        "acc": [
            0.8,
            0.014591054966801185
        ],
        "acc_and_f1": [
            0.8256421881830189,
            0.015366362669902845
        ],
        "f1": [
            0.8512843763660379,
            0.01618430709317913
        ]
    },
    "QNLI": {
        "acc": [
            0.8919275123558486,
            0.0032818502406758055
        ]
    },
    "QQP": {
        "acc": [
            0.892911204551076,
            0.004686904035461883
        ],
        "acc_and_f1": [
            0.875380787616756,
            0.007030970408343368
        ],
        "f1": [
            0.8578503706824361,
            0.009376244853700243
        ]
    },
    "RTE": {
        "acc": [
            0.6310469314079421,
            0.0213454808651184
        ]
    },
    "SST-2": {
        "acc": [
            0.9201834862385322,
            0.0038103779187697523
        ]
    },
    "STS-B": {
        "corr": [
            0.8434844267273183,
            0.013882902988106717
        ],
        "pearson": [
            0.8427528523854964,
            0.013705230406493131
        ],
        "spearmanr": [
            0.8442160010691404,
            0.014078136157674288
        ]
    },
    "WNLI": {
        "acc": [
            0.4056338028169013,
            0.05299968372458248
        ]
    }
}