{
    "CoLA": {
        "mcc": [
            0.18401635443964817,
            0.02440522215199544
        ]
    },
    "MNLI": {
        "mnli-mm_acc": [
            0.624613506916192,
            0.03974535755463232
        ],
        "mnli_acc": [
            0.6342333163525217,
            0.03153839529923803
        ]
    },
    "MRPC": {
        "acc": [
            0.3416666666666667,
            0.050980392156862744
        ],
        "acc_and_f1": [
            0.20426441837732162,
            0.0923523661664079
        ],
        "f1": [
            0.06686217008797654,
            0.13372434017595305
        ]
    },
    "QNLI": {
        "acc": [
            0.6955518945634267,
            0.04190667184759434
        ]
    },
    "QQP": {
        "acc": [
            0.7952362107346029,
            0.02342691485550513
        ],
        "acc_and_f1": [
            0.7716371253633378,
            0.040875120781157764
        ],
        "f1": [
            0.7480380399920725,
            0.06688614298352244
        ]
    },
    "RTE": {
        "acc": [
            0.5104693140794224,
            0.045926480559680155
        ]
    },
    "SST-2": {
        "acc": [
            0.7834862385321101,
            0.02537903888738177
        ]
    },
    "STS-B": {
        "corr": [
            0.7274484253603298,
            0.06386286629906605
        ],
        "pearson": [
            0.7226506200927009,
            0.06304342172874251
        ],
        "spearmanr": [
            0.7322462306279587,
            0.06484600612592091
        ]
    },
    "WNLI": {
        "acc": [
            0.4985915492957746,
            0.05389049709777183
        ]
    }
}