{
    "CoLA": {
        "mcc": [
            0.15079873921894202,
            0.12344953672871588
        ]
    },
    "MNLI": {
        "mnli-mm_acc": [
            0.6207892595606184,
            0.06248152501526977
        ],
        "mnli_acc": [
            0.6045848191543556,
            0.06270836219006666
        ]
    },
    "MRPC": {
        "acc": [
            0.321078431372549,
            0.009803921568627461
        ],
        "acc_and_f1": [
            0.167459630911188,
            0.018742791234140722
        ],
        "f1": [
            0.01384083044982699,
            0.02768166089965398
        ]
    },
    "QNLI": {
        "acc": [
            0.5744462749405089,
            0.036938376489720905
        ]
    },
    "QQP": {
        "acc": [
            0.7853673015087805,
            0.021850193619699337
        ],
        "acc_and_f1": [
            0.7526881105727053,
            0.06667319792848851
        ],
        "f1": [
            0.7200089196366302,
            0.11279446952230536
        ]
    },
    "RTE": {
        "acc": [
            0.5061371841155234,
            0.047806340381940364
        ]
    },
    "SST-2": {
        "acc": [
            0.7662844036697247,
            0.03623127322491382
        ]
    },
    "STS-B": {
        "corr": [
            0.8165108573442191,
            0.028804672907774217
        ],
        "pearson": [
            0.8125467331849727,
            0.031209299070097608
        ],
        "spearmanr": [
            0.8204749815034654,
            0.026638605793271312
        ]
    },
    "WNLI": {
        "acc": [
            0.5183098591549296,
            0.056619017583779685
        ]
    }
}