{
    "CoLA": {
        "mcc": [
            0.32730265285043575,
            0.07956599996030024
        ]
    },
    "MNLI": {
        "mnli-mm_acc": [
            0.7771562245728234,
            0.010026023099438515
        ],
        "mnli_acc": [
            0.7757717778909832,
            0.011150022489149956
        ]
    },
    "MRPC": {
        "acc": [
            0.5093137254901962,
            0.14145703330765497
        ],
        "acc_and_f1": [
            0.45861898511204713,
            0.19011720214931987
        ],
        "f1": [
            0.40792424473389827,
            0.24002967460812877
        ]
    },
    "QNLI": {
        "acc": [
            0.8384404173531028,
            0.012606045764020876
        ]
    },
    "QQP": {
        "acc": [
            0.8534207271827852,
            0.007157495396135345
        ],
        "acc_and_f1": [
            0.8347915640758741,
            0.01797797537228336
        ],
        "f1": [
            0.816162400968963,
            0.0312726089416078
        ]
    },
    "RTE": {
        "acc": [
            0.6180505415162455,
            0.04212549356192009
        ]
    },
    "SST-2": {
        "acc": [
            0.8977064220183486,
            0.0037266231213926334
        ]
    },
    "STS-B": {
        "corr": [
            0.8512595722647294,
            0.032203400328772
        ],
        "pearson": [
            0.8497702148034374,
            0.0355266409315375
        ],
        "spearmanr": [
            0.8527489297260213,
            0.02891182233671296
        ]
    },
    "WNLI": {
        "acc": [
            0.46197183098591543,
            0.04911435429341603
        ]
    }
}