{
    "CoLA": {
        "mcc": [
            0.13154847093676475,
            0.16301603662627473
        ]
    },
    "MNLI": {
        "mnli-mm_acc": [
            0.564259560618389,
            0.032588548775386986
        ],
        "mnli_acc": [
            0.5598777381558838,
            0.031903105757371326
        ]
    },
    "MRPC": {
        "acc": [
            0.3862745098039216,
            0.06519054966974702
        ],
        "acc_and_f1": [
            0.28300353269196743,
            0.11361095974983804
        ],
        "f1": [
            0.17973255558001322,
            0.1622144501209111
        ]
    },
    "QNLI": {
        "acc": [
            0.749881017755812,
            0.038541154407013105
        ]
    },
    "QQP": {
        "acc": [
            0.8173781845164483,
            0.05856567137611686
        ],
        "acc_and_f1": [
            0.7562564206271809,
            0.12023718263057227
        ],
        "f1": [
            0.6951346567379139,
            0.18201059368206005
        ]
    },
    "RTE": {
        "acc": [
            0.4888086642599278,
            0.021491517785035708
        ]
    },
    "SST-2": {
        "acc": [
            0.8022935779816514,
            0.04296159930955095
        ]
    },
    "STS-B": {
        "corr": [
            0.8580094688672588,
            0.013808064934116689
        ],
        "pearson": [
            0.8581823521888057,
            0.014248783496974149
        ],
        "spearmanr": [
            0.8578365855457118,
            0.013546160566919107
        ]
    },
    "WNLI": {
        "acc": [
            0.5154929577464789,
            0.04763812542334583
        ]
    }
}