{
    "CoLA": {
        "mcc": [
            0.07230697101422047,
            0.05604919109345307
        ]
    },
    "MNLI": {
        "mnli-mm_acc": [
            0.6723962571196095,
            0.010707564896887735
        ],
        "mnli_acc": [
            0.6758634742740703,
            0.00880926541394952
        ]
    },
    "MRPC": {
        "acc": [
            0.3196078431372549,
            0.006862745098039214
        ],
        "acc_and_f1": [
            0.165359477124183,
            0.014542483660130712
        ],
        "f1": [
            0.01111111111111111,
            0.02222222222222222
        ]
    },
    "QNLI": {
        "acc": [
            0.6799926780157423,
            0.025287996720608306
        ]
    },
    "QQP": {
        "acc": [
            0.7870492208755874,
            0.04299001949212687
        ],
        "acc_and_f1": [
            0.7766145488833168,
            0.0367644760808038
        ],
        "f1": [
            0.7661798768910459,
            0.031240235566978972
        ]
    },
    "RTE": {
        "acc": [
            0.4967509025270759,
            0.029203968831995223
        ]
    },
    "SST-2": {
        "acc": [
            0.8357798165137614,
            0.01263343059992699
        ]
    },
    "STS-B": {
        "corr": [
            0.6620135671490341,
            0.13365173818568515
        ],
        "pearson": [
            0.6645400007616107,
            0.12985979021086694
        ],
        "spearmanr": [
            0.6594871335364575,
            0.13747120607131705
        ]
    },
    "WNLI": {
        "acc": [
            0.4873239436619718,
            0.0646047602319984
        ]
    }
}