{
    "CoLA": {
        "mcc": [
            0.25265293253205356,
            0.1564141494818433
        ]
    },
    "MNLI": {
        "mnli-mm_acc": [
            0.776993490642799,
            0.010111625659995288
        ],
        "mnli_acc": [
            0.7741823739174732,
            0.009078759483446063
        ]
    },
    "MRPC": {
        "acc": [
            0.5112745098039216,
            0.13245820070013856
        ],
        "acc_and_f1": [
            0.4651890957920375,
            0.1786010307774944
        ],
        "f1": [
            0.41910368178015334,
            0.2258306303893089
        ]
    },
    "QNLI": {
        "acc": [
            0.8470803587772286,
            0.01530347259090376
        ]
    },
    "QQP": {
        "acc": [
            0.8888647044274055,
            0.012117253557722652
        ],
        "acc_and_f1": [
            0.869351672555531,
            0.020662442667878325
        ],
        "f1": [
            0.8498386406836568,
            0.029281634005839142
        ]
    },
    "RTE": {
        "acc": [
            0.5617328519855596,
            0.03541588005322951
        ]
    },
    "SST-2": {
        "acc": [
            0.8786697247706421,
            0.007516499820263278
        ]
    },
    "STS-B": {
        "corr": [
            0.8704173783661584,
            0.006888466044632525
        ],
        "pearson": [
            0.8713087246958203,
            0.007946648655462544
        ],
        "spearmanr": [
            0.8695260320364968,
            0.005991939270006434
        ]
    },
    "WNLI": {
        "acc": [
            0.4873239436619718,
            0.03161963988823049
        ]
    }
}