{
    "CoLA": {
        "mcc": [
            0.3258990589758272,
            0.1703588538395785
        ]
    },
    "MNLI": {
        "mnli-mm_acc": [
            0.6070992676973149,
            0.09021636778294168
        ],
        "mnli_acc": [
            0.5948242485990831,
            0.08627119409078986
        ]
    },
    "MRPC": {
        "acc": [
            0.6019607843137255,
            0.18737164003095366
        ],
        "acc_and_f1": [
            0.5733750986906875,
            0.2506062413330379
        ],
        "f1": [
            0.5447894130676495,
            0.31570136377231034
        ]
    },
    "QNLI": {
        "acc": [
            0.5341021416803955,
            0.04858115863597634
        ]
    },
    "QQP": {
        "acc": [
            0.8008211723967351,
            0.0419160006846894
        ],
        "acc_and_f1": [
            0.7883593769924883,
            0.03129550772167883
        ],
        "f1": [
            0.7758975815882415,
            0.02149549712625278
        ]
    },
    "RTE": {
        "acc": [
            0.5018050541516246,
            0.026724556712377973
        ]
    },
    "SST-2": {
        "acc": [
            0.8873853211009175,
            0.009822299589616461
        ]
    },
    "STS-B": {
        "corr": [
            0.8704061871907827,
            0.008398887372518284
        ],
        "pearson": [
            0.870773350888301,
            0.00971138255414466
        ],
        "spearmanr": [
            0.8700390234932645,
            0.007442615725887277
        ]
    },
    "WNLI": {
        "acc": [
            0.532394366197183,
            0.04911435429341606
        ]
    }
}