{
    "CoLA": {
        "mcc": [
            0.2035352032692872,
            0.05447760393997752
        ]
    },
    "MNLI": {
        "mnli-mm_acc": [
            0.7968877135882831,
            0.0065748208412792445
        ],
        "mnli_acc": [
            0.7926846663270505,
            0.007890757907743134
        ]
    },
    "MRPC": {
        "acc": [
            0.6034313725490196,
            0.1158191327499793
        ],
        "acc_and_f1": [
            0.5970003316874438,
            0.14947178195409094
        ],
        "f1": [
            0.5905692908258678,
            0.1832663397682568
        ]
    },
    "QNLI": {
        "acc": [
            0.8447007138934651,
            0.007615919610246457
        ]
    },
    "QQP": {
        "acc": [
            0.8691862478357655,
            0.01039420584309828
        ],
        "acc_and_f1": [
            0.8524742687102215,
            0.009732962403830897
        ],
        "f1": [
            0.8357622895846777,
            0.009215675869290637
        ]
    },
    "RTE": {
        "acc": [
            0.584115523465704,
            0.0303249097472924
        ]
    },
    "SST-2": {
        "acc": [
            0.9020642201834862,
            0.005829479370247142
        ]
    },
    "STS-B": {
        "corr": [
            0.842734020910026,
            0.015890215280687407
        ],
        "pearson": [
            0.8368550359410405,
            0.015399466814047578
        ],
        "spearmanr": [
            0.8486130058790113,
            0.016594652307298164
        ]
    },
    "WNLI": {
        "acc": [
            0.4873239436619718,
            0.03841741323094609
        ]
    }
}