{
    "CoLA": {
        "mcc": [
            0.5018294489541396,
            0.04524961709777803
        ]
    },
    "MNLI": {
        "mnli-mm_acc": [
            0.8184499593165174,
            0.004716038697872103
        ],
        "mnli_acc": [
            0.815527254202751,
            0.007018854542818235
        ]
    },
    "MRPC": {
        "acc": [
            0.8240196078431372,
            0.007170950410945022
        ],
        "acc_and_f1": [
            0.8487239734065088,
            0.0065901600645082905
        ],
        "f1": [
            0.8734283389698805,
            0.007772737555491206
        ]
    },
    "QNLI": {
        "acc": [
            0.8539264140582098,
            0.01433922337237075
        ]
    },
    "QQP": {
        "acc": [
            0.8939351966361613,
            0.008958288395982682
        ],
        "acc_and_f1": [
            0.8777398158821959,
            0.008516811706612688
        ],
        "f1": [
            0.8615444351282303,
            0.00813870382855742
        ]
    },
    "RTE": {
        "acc": [
            0.5415162454873645,
            0.04751100036494468
        ]
    },
    "SST-2": {
        "acc": [
            0.9217889908256881,
            0.0035084996653161433
        ]
    },
    "STS-B": {
        "corr": [
            0.8733435934137287,
            0.0033112275419245715
        ],
        "pearson": [
            0.8722666407413984,
            0.006690089006113575
        ],
        "spearmanr": [
            0.874420546086059,
            0.0014933713827595505
        ]
    },
    "WNLI": {
        "acc": [
            0.4591549295774648,
            0.07047885072223552
        ]
    }
}