{
    "CoLA": {
        "mcc": [
            0.4068456004074723,
            0.021042956240757443
        ]
    },
    "MNLI": {
        "mnli-mm_acc": [
            0.8234540276647682,
            0.0034252738051929904
        ],
        "mnli_acc": [
            0.8200509424350484,
            0.0034306014069461215
        ]
    },
    "MRPC": {
        "acc": [
            0.7093137254901961,
            0.06478382115370829
        ],
        "acc_and_f1": [
            0.733686900931793,
            0.06659238344554491
        ],
        "f1": [
            0.75806007637339,
            0.06846555072243805
        ]
    },
    "QNLI": {
        "acc": [
            0.8934285191286838,
            0.003563407463999655
        ]
    },
    "QQP": {
        "acc": [
            0.8740390798911699,
            0.005680592795321542
        ],
        "acc_and_f1": [
            0.8540164994912504,
            0.008674150541233624
        ],
        "f1": [
            0.8339939190913308,
            0.011718886273972318
        ]
    },
    "RTE": {
        "acc": [
            0.6093862815884477,
            0.0351795746283894
        ]
    },
    "SST-2": {
        "acc": [
            0.9128440366972477,
            0.006956766462432633
        ]
    },
    "STS-B": {
        "corr": [
            0.8403112774741123,
            0.016649511171849568
        ],
        "pearson": [
            0.8361139529656736,
            0.01789563879985133
        ],
        "spearmanr": [
            0.844508601982551,
            0.015558105547081527
        ]
    },
    "WNLI": {
        "acc": [
            0.3718309859154929,
            0.05314918947637522
        ]
    }
}