{
    "CoLA": {
        "mcc": [
            0.35768799677941354,
            0.0416782407641428
        ]
    },
    "MNLI": {
        "mnli-mm_acc": [
            0.8002847843775427,
            0.003589957154789007
        ],
        "mnli_acc": [
            0.8020173204279164,
            0.005622494193639516
        ]
    },
    "MRPC": {
        "acc": [
            0.46960784313725484,
            0.18388299691698273
        ],
        "acc_and_f1": [
            0.3882043755837892,
            0.259444511047247
        ],
        "f1": [
            0.3068009080303234,
            0.335869453862232
        ]
    },
    "QNLI": {
        "acc": [
            0.8500823723228995,
            0.004440226572347084
        ]
    },
    "QQP": {
        "acc": [
            0.8805392035617116,
            0.0027876733684601956
        ],
        "acc_and_f1": [
            0.8655456098461114,
            0.0015601988765762168
        ],
        "f1": [
            0.8505520161305112,
            0.004003128734453431
        ]
    },
    "RTE": {
        "acc": [
            0.5891696750902526,
            0.029541187791305122
        ]
    },
    "SST-2": {
        "acc": [
            0.8977064220183486,
            0.00799139972026806
        ]
    },
    "STS-B": {
        "corr": [
            0.8299834354650274,
            0.034123994571698735
        ],
        "pearson": [
            0.8258964932236058,
            0.034777323636988836
        ],
        "spearmanr": [
            0.8340703777064489,
            0.03365860765662819
        ]
    },
    "WNLI": {
        "acc": [
            0.43943661971830983,
            0.04400140662482622
        ]
    }
}