{
    "CoLA": {
        "mcc": [
            0.1449848918383462,
            0.13972738598430362
        ]
    },
    "MNLI": {
        "mnli-mm_acc": [
            0.5774206672091131,
            0.039269171705173765
        ],
        "mnli_acc": [
            0.5783800305654611,
            0.04084464690871217
        ]
    },
    "MRPC": {
        "acc": [
            0.3274509803921568,
            0.012555145563593814
        ],
        "acc_and_f1": [
            0.180247700156358,
            0.024878381873639385
        ],
        "f1": [
            0.03304441992055914,
            0.03720543884811094
        ]
    },
    "QNLI": {
        "acc": [
            0.600219659527732,
            0.0500623773876392
        ]
    },
    "QQP": {
        "acc": [
            0.8185654217165471,
            0.05091994633464314
        ],
        "acc_and_f1": [
            0.767757396018928,
            0.10794120637174306
        ],
        "f1": [
            0.7169493703213089,
            0.16504450050221758
        ]
    },
    "RTE": {
        "acc": [
            0.5018050541516246,
            0.04767530402662579
        ]
    },
    "SST-2": {
        "acc": [
            0.8364678899082569,
            0.021644863738356012
        ]
    },
    "STS-B": {
        "corr": [
            0.8537444313245578,
            0.011915048957450897
        ],
        "pearson": [
            0.8536396357234641,
            0.01326053686772513
        ],
        "spearmanr": [
            0.8538492269256512,
            0.010707825133625086
        ]
    },
    "WNLI": {
        "acc": [
            0.5183098591549296,
            0.055913896454307645
        ]
    }
}