{
    "CoLA": {
        "mcc": [
            -0.012091332496529569,
            0.018121946331666545
        ]
    },
    "MNLI": {
        "mnli-mm_acc": [
            0.5422091131000814,
            0.022343437484522673
        ],
        "mnli_acc": [
            0.5410494141619969,
            0.01543582345779843
        ]
    },
    "MRPC": {
        "acc": [
            0.31666666666666665,
            0.0009803921568627416
        ],
        "acc_and_f1": [
            0.15904761904761905,
            0.0019187675070027942
        ],
        "f1": [
            0.0014285714285714288,
            0.0028571428571428576
        ]
    },
    "QNLI": {
        "acc": [
            0.6422844590884129,
            0.0704361375566245
        ]
    },
    "QQP": {
        "acc": [
            0.7101706653475142,
            0.03284229664226845
        ],
        "acc_and_f1": [
            0.5952383150328651,
            0.10268382129222522
        ],
        "f1": [
            0.4803059647182158,
            0.17299642806121981
        ]
    },
    "RTE": {
        "acc": [
            0.47653429602888087,
            0.007220216606498186
        ]
    },
    "SST-2": {
        "acc": [
            0.8018348623853211,
            0.012486841824602012
        ]
    },
    "STS-B": {
        "corr": [
            0.5178291412731962,
            0.09395697110278016
        ],
        "pearson": [
            0.5124350021827668,
            0.09220742004162293
        ],
        "spearmanr": [
            0.5232232803636258,
            0.09589562008730897
        ]
    },
    "WNLI": {
        "acc": [
            0.4985915492957746,
            0.05675899064678843
        ]
    }
}