{
    "CoLA": {
        "mcc": [
            0.04697875699429218,
            0.06991632443539632
        ]
    },
    "MNLI": {
        "mnli-mm_acc": [
            0.5596419853539463,
            0.03231524894373591
        ],
        "mnli_acc": [
            0.5670300560366786,
            0.02989619463650386
        ]
    },
    "MRPC": {
        "acc": [
            0.321078431372549,
            0.009803921568627461
        ],
        "acc_and_f1": [
            0.167459630911188,
            0.018742791234140722
        ],
        "f1": [
            0.01384083044982699,
            0.02768166089965398
        ]
    },
    "QNLI": {
        "acc": [
            0.708365367014461,
            0.04205496885518381
        ]
    },
    "QQP": {
        "acc": [
            0.6926885975760574,
            0.07883801946246101
        ],
        "acc_and_f1": [
            0.6958275183894183,
            0.06508125722230192
        ],
        "f1": [
            0.6989664392027792,
            0.051620281340242005
        ]
    },
    "RTE": {
        "acc": [
            0.49386281588447656,
            0.03358759090140939
        ]
    },
    "SST-2": {
        "acc": [
            0.8162844036697248,
            0.015358411965856163
        ]
    },
    "STS-B": {
        "corr": [
            0.5349549606685929,
            0.15050772035912213
        ],
        "pearson": [
            0.5340500346631918,
            0.14960782222503619
        ],
        "spearmanr": [
            0.5358598866739941,
            0.15152549918057656
        ]
    },
    "WNLI": {
        "acc": [
            0.4901408450704225,
            0.04662801509083621
        ]
    }
}