{
    "CoLA": {
        "mcc": [
            0.41164602856967986,
            0.025201337302693277
        ]
    },
    "MNLI": {
        "mnli-mm_acc": [
            0.7875915378356388,
            0.008111892625222267
        ],
        "mnli_acc": [
            0.7878145695364238,
            0.003065092483762817
        ]
    },
    "MRPC": {
        "acc": [
            0.6651960784313726,
            0.10920046009257044
        ],
        "acc_and_f1": [
            0.671382771175814,
            0.12649769687167764
        ],
        "f1": [
            0.6775694639202555,
            0.1438705771344003
        ]
    },
    "QNLI": {
        "acc": [
            0.8663371773750687,
            0.005955613957946238
        ]
    },
    "QQP": {
        "acc": [
            0.8714617858026218,
            0.009413496187902638
        ],
        "acc_and_f1": [
            0.8575292507525862,
            0.006221816454947126
        ],
        "f1": [
            0.8435967157025509,
            0.0034289015562144324
        ]
    },
    "RTE": {
        "acc": [
            0.6072202166064982,
            0.0169943715464835
        ]
    },
    "SST-2": {
        "acc": [
            0.9018348623853211,
            0.00720198094867322
        ]
    },
    "STS-B": {
        "corr": [
            0.8681079827293756,
            0.012678075315034053
        ],
        "pearson": [
            0.8678829509704868,
            0.014558400316792106
        ],
        "spearmanr": [
            0.8683330144882643,
            0.010921898479337826
        ]
    },
    "WNLI": {
        "acc": [
            0.4873239436619718,
            0.062099739957883385
        ]
    }
}