{
    "CoLA": {
        "mcc": [
            0.34603902471271986,
            0.16378001988453764
        ]
    },
    "MNLI": {
        "mnli-mm_acc": [
            0.7283970707892596,
            0.05296087090787016
        ],
        "mnli_acc": [
            0.7228120224146715,
            0.0537047743187531
        ]
    },
    "MRPC": {
        "acc": [
            0.7098039215686274,
            0.13702361465347063
        ],
        "acc_and_f1": [
            0.7200117942236635,
            0.16879211332659985
        ],
        "f1": [
            0.7302196668786994,
            0.2009528600569974
        ]
    },
    "QNLI": {
        "acc": [
            0.7455610470437488,
            0.04589181773771708
        ]
    },
    "QQP": {
        "acc": [
            0.8350927529062577,
            0.030141773966348526
        ],
        "acc_and_f1": [
            0.7982135509300197,
            0.04152664130715983
        ],
        "f1": [
            0.7613343489537815,
            0.05414527596615757
        ]
    },
    "RTE": {
        "acc": [
            0.4981949458483754,
            0.02833417598606293
        ]
    },
    "SST-2": {
        "acc": [
            0.9045871559633027,
            0.007586163031440923
        ]
    },
    "STS-B": {
        "corr": [
            0.8696700457792194,
            0.0073631396726866
        ],
        "pearson": [
            0.8683324263178285,
            0.007615525302908281
        ],
        "spearmanr": [
            0.8710076652406101,
            0.007369158113383846
        ]
    },
    "WNLI": {
        "acc": [
            0.504225352112676,
            0.07367153144012409
        ]
    }
}