{
    "CoLA": {
        "mcc": [
            0.5161638536899338,
            0.02765387984213117
        ]
    },
    "MNLI": {
        "mnli-mm_acc": [
            0.7904393816110659,
            0.010056229417998505
        ],
        "mnli_acc": [
            0.7854508405501782,
            0.010262674375466508
        ]
    },
    "MRPC": {
        "acc": [
            0.7897058823529413,
            0.07066988741545137
        ],
        "acc_and_f1": [
            0.8105676027165032,
            0.07720803586433296
        ],
        "f1": [
            0.8314293230800652,
            0.08384137614046301
        ]
    },
    "QNLI": {
        "acc": [
            0.8454695222405272,
            0.013943718914124848
        ]
    },
    "QQP": {
        "acc": [
            0.8962898837496909,
            0.0048966538498994025
        ],
        "acc_and_f1": [
            0.882212820874711,
            0.0035842512659469243
        ],
        "f1": [
            0.8681357579997311,
            0.002810565157531454
        ]
    },
    "RTE": {
        "acc": [
            0.5494584837545127,
            0.03450629067248672
        ]
    },
    "SST-2": {
        "acc": [
            0.9229357798165136,
            0.0022237063566129716
        ]
    },
    "STS-B": {
        "corr": [
            0.878743188975203,
            0.002805705237581184
        ],
        "pearson": [
            0.8789614868865858,
            0.004229210918194264
        ],
        "spearmanr": [
            0.8785248910638203,
            0.0020153910890480966
        ]
    },
    "WNLI": {
        "acc": [
            0.4788732394366197,
            0.09300041700968552
        ]
    }
}