{
    "CoLA": {
        "mcc": [
            0.2868450190348881,
            0.042664570532093334
        ]
    },
    "MNLI": {
        "mnli-mm_acc": [
            0.8039259560618388,
            0.007703157160612913
        ],
        "mnli_acc": [
            0.8019765664798777,
            0.008388930700719594
        ]
    },
    "MRPC": {
        "acc": [
            0.7725490196078432,
            0.021668662848333704
        ],
        "acc_and_f1": [
            0.8041864484039895,
            0.02234192570926386
        ],
        "f1": [
            0.8358238772001357,
            0.02402644092324285
        ]
    },
    "QNLI": {
        "acc": [
            0.8600402709134176,
            0.010522152495312354
        ]
    },
    "QQP": {
        "acc": [
            0.8738164729161515,
            0.007121406398204497
        ],
        "acc_and_f1": [
            0.8573724454804648,
            0.00766229581568584
        ],
        "f1": [
            0.8409284180447785,
            0.00833172781717668
        ]
    },
    "RTE": {
        "acc": [
            0.5935018050541515,
            0.02801965041434264
        ]
    },
    "SST-2": {
        "acc": [
            0.9057339449541285,
            0.002554020349922033
        ]
    },
    "STS-B": {
        "corr": [
            0.8273356929305142,
            0.014101775732755503
        ],
        "pearson": [
            0.8203060033249214,
            0.015375357882290672
        ],
        "spearmanr": [
            0.8343653825361071,
            0.013621620076120415
        ]
    },
    "WNLI": {
        "acc": [
            0.45070422535211263,
            0.054911517435543455
        ]
    }
}