{
    "CoLA": {
        "mcc": [
            0.5033349638750862,
            0.03645187264092019
        ]
    },
    "MNLI": {
        "mnli-mm_acc": [
            0.8048209926769732,
            0.013557278397324866
        ],
        "mnli_acc": [
            0.7991849210392257,
            0.016227928374990153
        ]
    },
    "MRPC": {
        "acc": [
            0.7759803921568628,
            0.05960671438559766
        ],
        "acc_and_f1": [
            0.7954115385384909,
            0.0643665403553066
        ],
        "f1": [
            0.814842684920119,
            0.0691640167660255
        ]
    },
    "QNLI": {
        "acc": [
            0.8883031301482702,
            0.0017534585414355533
        ]
    },
    "QQP": {
        "acc": [
            0.8932822161761068,
            0.00374839189482375
        ],
        "acc_and_f1": [
            0.8771233073586042,
            0.005368011090228527
        ],
        "f1": [
            0.8609643985411018,
            0.008719093166474718
        ]
    },
    "RTE": {
        "acc": [
            0.5184115523465704,
            0.01931998290290202
        ]
    },
    "SST-2": {
        "acc": [
            0.9075688073394496,
            0.008507906876601584
        ]
    },
    "STS-B": {
        "corr": [
            0.8784892421041569,
            0.0033230881742206076
        ],
        "pearson": [
            0.8793161999449175,
            0.003826030448093441
        ],
        "spearmanr": [
            0.8776622842633961,
            0.002884497435100374
        ]
    },
    "WNLI": {
        "acc": [
            0.4788732394366197,
            0.0830866546690289
        ]
    }
}