{
    "CoLA": {
        "mcc": [
            0.4998168425937961,
            0.03217104601049022
        ]
    },
    "MNLI": {
        "mnli-mm_acc": [
            0.8301057770545158,
            0.00459182988516271
        ],
        "mnli_acc": [
            0.825491594498217,
            0.004837289343138276
        ]
    },
    "MRPC": {
        "acc": [
            0.8191176470588235,
            0.009974014681066568
        ],
        "acc_and_f1": [
            0.846505036977297,
            0.007952504446321871
        ],
        "f1": [
            0.8738924268957702,
            0.005942043730616806
        ]
    },
    "QNLI": {
        "acc": [
            0.8798462383305876,
            0.0035731733296888984
        ]
    },
    "QQP": {
        "acc": [
            0.893549344546129,
            0.004876181258427215
        ],
        "acc_and_f1": [
            0.8769754105900768,
            0.005647618183841139
        ],
        "f1": [
            0.8604014766340244,
            0.006432588073804956
        ]
    },
    "RTE": {
        "acc": [
            0.623826714801444,
            0.02837094975362958
        ]
    },
    "SST-2": {
        "acc": [
            0.9153669724770642,
            0.004993472719513116
        ]
    },
    "STS-B": {
        "corr": [
            0.8566985758539378,
            0.012409841659934837
        ],
        "pearson": [
            0.8575802634889967,
            0.01245873364931863
        ],
        "spearmanr": [
            0.855816888218879,
            0.012367188266627966
        ]
    },
    "WNLI": {
        "acc": [
            0.3830985915492958,
            0.03821030976408601
        ]
    }
}