{
    "CoLA": {
        "mcc": [
            0.11965909240205146,
            0.01769255377339245
        ]
    },
    "MNLI": {
        "mnli-mm_acc": [
            0.6079536208299431,
            0.024322768959486058
        ],
        "mnli_acc": [
            0.6004075394803872,
            0.0230473395092867
        ]
    },
    "MRPC": {
        "acc": [
            0.3161764705882353,
            0.0
        ],
        "acc_and_f1": [
            0.15808823529411764,
            0.0
        ],
        "f1": [
            0.0,
            0.0
        ]
    },
    "QNLI": {
        "acc": [
            0.717664287021783,
            0.01722130074801179
        ]
    },
    "QQP": {
        "acc": [
            0.7286717783823894,
            0.043050701144911364
        ],
        "acc_and_f1": [
            0.6073675450223535,
            0.12180907931115455
        ],
        "f1": [
            0.4860633116623176,
            0.20074309738994767
        ]
    },
    "RTE": {
        "acc": [
            0.4888086642599278,
            0.028572359476403422
        ]
    },
    "SST-2": {
        "acc": [
            0.838302752293578,
            0.005618095740328411
        ]
    },
    "STS-B": {
        "corr": [
            0.5816882672621053,
            0.0233032905699424
        ],
        "pearson": [
            0.5543933543015157,
            0.014744579867501759
        ],
        "spearmanr": [
            0.6089831802226946,
            0.042108636387443596
        ]
    },
    "WNLI": {
        "acc": [
            0.46760563380281683,
            0.04991562013146297
        ]
    }
}