{
    "CoLA": {
        "mcc": [
            0.03304244900341634,
            0.028304825674894292
        ]
    },
    "MNLI": {
        "mnli-mm_acc": [
            0.4561635475996745,
            0.028924353855004276
        ],
        "mnli_acc": [
            0.4562200713194091,
            0.02180987424235858
        ]
    },
    "MRPC": {
        "acc": [
            0.3161764705882353,
            0.0
        ],
        "acc_and_f1": [
            0.15808823529411764,
            0.0
        ],
        "f1": [
            0.0,
            0.0
        ]
    },
    "QNLI": {
        "acc": [
            0.6180120812740253,
            0.04738820228208328
        ]
    },
    "QQP": {
        "acc": [
            0.6435518179569627,
            0.011407432974794416
        ],
        "acc_and_f1": [
            0.36089932133086317,
            0.04472277075396631
        ],
        "f1": [
            0.07824682470476367,
            0.07804324252399074
        ]
    },
    "RTE": {
        "acc": [
            0.4743682310469314,
            0.0028880866425992744
        ]
    },
    "SST-2": {
        "acc": [
            0.8318807339449542,
            0.00930525815371598
        ]
    },
    "STS-B": {
        "corr": [
            0.06666882806874207,
            0.11305100551012022
        ],
        "pearson": [
            0.07423519938854857,
            0.11112860341531236
        ],
        "spearmanr": [
            0.059102456748935564,
            0.11509987002077095
        ]
    },
    "WNLI": {
        "acc": [
            0.4901408450704226,
            0.07203781325377141
        ]
    }
}