{
    "CoLA": {
        "mcc": [
            0.006687959018011486,
            0.01954760640833577
        ]
    },
    "MNLI": {
        "mnli-mm_acc": [
            0.32044344995931656,
            0.004614303296585126
        ],
        "mnli_acc": [
            0.3207743250127356,
            0.00467898986391356
        ]
    },
    "MRPC": {
        "acc": [
            0.3897058823529412,
            0.14705882352941177
        ],
        "acc_and_f1": [
            0.2760756486000514,
            0.2359748266118675
        ],
        "f1": [
            0.16244541484716157,
            0.32489082969432315
        ]
    },
    "QNLI": {
        "acc": [
            0.507047409848069,
            0.001513898819559608
        ]
    },
    "QQP": {
        "acc": [
            0.6317388078159782,
            0.00018797922334901074
        ],
        "acc_and_f1": [
            0.3167472969646531,
            0.0016617965016535007
        ],
        "f1": [
            0.0017557861133280128,
            0.0035115722266560257
        ]
    },
    "RTE": {
        "acc": [
            0.4945848375451264,
            0.026528769777435166
        ]
    },
    "SST-2": {
        "acc": [
            0.4944954128440367,
            0.0073394495412843815
        ]
    },
    "STS-B": {
        "corr": [
            0.0607177719968698,
            0.023980145378277806
        ],
        "pearson": [
            0.061324194323477375,
            0.026166166190883498
        ],
        "spearmanr": [
            0.06011134967026223,
            0.022159416083707265
        ]
    },
    "WNLI": {
        "acc": [
            0.5380281690140845,
            0.0507042253521127
        ]
    }
}