{
    "CoLA": {
        "mcc": [
            0.0,
            0.0
        ]
    },
    "MNLI": {
        "mnli-mm_acc": [
            0.318246541903987,
            0.0
        ],
        "mnli_acc": [
            0.31818644931227713,
            0.0
        ]
    },
    "MRPC": {
        "acc": [
            0.3897058823529412,
            0.14705882352941177
        ],
        "acc_and_f1": [
            0.2760756486000514,
            0.2359748266118675
        ],
        "f1": [
            0.16244541484716157,
            0.32489082969432315
        ]
    },
    "QNLI": {
        "acc": [
            0.5071206296906462,
            0.020081668126008322
        ]
    },
    "QQP": {
        "acc": [
            0.6318327974276527,
            0.0
        ],
        "acc_and_f1": [
            0.3159163987138264,
            0.0
        ],
        "f1": [
            0.0,
            0.0
        ]
    },
    "RTE": {
        "acc": [
            0.4945848375451264,
            0.026528769777435166
        ]
    },
    "SST-2": {
        "acc": [
            0.4944954128440367,
            0.0073394495412843815
        ]
    },
    "STS-B": {
        "corr": [
            0.057066592759549895,
            0.062038630486958936
        ],
        "pearson": [
            0.054039795397710075,
            0.058550262828686965
        ],
        "spearmanr": [
            0.060093390121389714,
            0.0657499916465229
        ]
    },
    "WNLI": {
        "acc": [
            0.5295774647887324,
            0.04927564981559411
        ]
    }
}