{
    "CoLA": {
        "mcc": [
            0.5045235883521205,
            0.0389289127833279
        ]
    },
    "MNLI": {
        "mnli-mm_acc": [
            0.800040683482506,
            0.0340616368068284
        ],
        "mnli_acc": [
            0.7952114111054509,
            0.036346033335384456
        ]
    },
    "MRPC": {
        "acc": [
            0.7725490196078432,
            0.05045448956345514
        ],
        "acc_and_f1": [
            0.8021876042397974,
            0.05170679785695392
        ],
        "f1": [
            0.8318261888717515,
            0.0530093417293364
        ]
    },
    "QNLI": {
        "acc": [
            0.8869485630605893,
            0.019633160451327344
        ]
    },
    "QQP": {
        "acc": [
            0.8869898590155826,
            0.009512430653030868
        ],
        "acc_and_f1": [
            0.8685262257407794,
            0.011986685252731569
        ],
        "f1": [
            0.8500625924659764,
            0.014629473119855562
        ]
    },
    "RTE": {
        "acc": [
            0.5754512635379061,
            0.055205154811885274
        ]
    },
    "SST-2": {
        "acc": [
            0.8736238532110091,
            0.06264617616905004
        ]
    },
    "STS-B": {
        "corr": [
            0.7506383759385015,
            0.2036470629592388
        ],
        "pearson": [
            0.7521197597409726,
            0.20368289987443244
        ],
        "spearmanr": [
            0.7491569921360306,
            0.2036161390564731
        ]
    },
    "WNLI": {
        "acc": [
            0.5380281690140846,
            0.05070422535211269
        ]
    }
}