{
    "CoLA": {
        "mcc": [
            0.4321449160712511,
            0.09492831507092576
        ]
    },
    "MNLI": {
        "mnli-mm_acc": [
            0.6410292921074043,
            0.17127843494907946
        ],
        "mnli_acc": [
            0.6403056546102903,
            0.16941993382234327
        ]
    },
    "MRPC": {
        "acc": [
            0.4828431372549019,
            0.20646509498679105
        ],
        "acc_and_f1": [
            0.40582007945367826,
            0.3039772500863957
        ],
        "f1": [
            0.3287970216524546,
            0.4027398266999695
        ]
    },
    "QNLI": {
        "acc": [
            0.6877173714076515,
            0.10562815642821506
        ]
    },
    "QQP": {
        "acc": [
            0.7416423447934701,
            0.06449710518960852
        ],
        "acc_and_f1": [
            0.6580902649590556,
            0.17401106805454855
        ],
        "f1": [
            0.574538185124641,
            0.28960841947849214
        ]
    },
    "RTE": {
        "acc": [
            0.5068592057761732,
            0.03375789090992336
        ]
    },
    "SST-2": {
        "acc": [
            0.6889908256880733,
            0.11866113351622884
        ]
    },
    "STS-B": {
        "corr": [
            0.5369345400682256,
            0.22577009277128923
        ],
        "pearson": [
            0.5300676513511042,
            0.22652114469562373
        ],
        "spearmanr": [
            0.543801428785347,
            0.22508296244535134
        ]
    },
    "WNLI": {
        "acc": [
            0.5380281690140845,
            0.0507042253521127
        ]
    }
}