{
    "CoLA": {
        "mcc": [
            0.0340506191520303,
            0.06475284967522082
        ]
    },
    "MNLI": {
        "mnli-mm_acc": [
            0.5825671277461351,
            0.03929218870387611
        ],
        "mnli_acc": [
            0.5794396332144677,
            0.038943025689343304
        ]
    },
    "MRPC": {
        "acc": [
            0.3573529411764706,
            0.050454489563455156
        ],
        "acc_and_f1": [
            0.23504010695187166,
            0.09426234812608321
        ],
        "f1": [
            0.11272727272727275,
            0.13807545082083048
        ]
    },
    "QNLI": {
        "acc": [
            0.5589236683141132,
            0.07411258791187067
        ]
    },
    "QQP": {
        "acc": [
            0.7495226317091268,
            0.06883488111837836
        ],
        "acc_and_f1": [
            0.6405990617627388,
            0.17867927856211127
        ],
        "f1": [
            0.5316754918163508,
            0.288721265016826
        ]
    },
    "RTE": {
        "acc": [
            0.5342960288808665,
            0.05698942169146895
        ]
    },
    "SST-2": {
        "acc": [
            0.8956422018348624,
            0.01547102931563307
        ]
    },
    "STS-B": {
        "corr": [
            0.6453919270889644,
            0.11837832920940157
        ],
        "pearson": [
            0.6513156625904839,
            0.11434234785716466
        ],
        "spearmanr": [
            0.6394681915874448,
            0.1225140758086356
        ]
    },
    "WNLI": {
        "acc": [
            0.447887323943662,
            0.07526979839936558
        ]
    }
}