{"CoLA": {"mcc": [-0.03326830071091443, 0.014519460771097987]}, "MNLI": {"mnli_acc": [0.3519714722363728, 0.00814074776221707], "mnli-mm_acc": [0.347620016273393, 0.008272713822879627]}, "MRPC": {"acc": [0.3161764705882353, 0.0], "f1": [0.0, 0.0], "acc_and_f1": [0.15808823529411764, 0.0]}, "QNLI": {"acc": [0.5012996522057478, 0.006168092732388335]}, "QQP": {"acc": [0.6057531535988128, 0.019148050826980234], "f1": [0.2657793162439822, 0.13737367496123257], "acc_and_f1": [0.43576623492139743, 0.06178379100019707]}, "RTE": {"acc": [0.4837545126353791, 0.027398795611567175]}, "SST-2": {"acc": [0.4928899082568807, 0.017276595949785766]}, "STS-B": {"pearson": [0.013298423710698993, 0.00996031930294459], "spearmanr": [0.021502554677680346, 0.01599130202770012], "corr": [0.01740048919418967, 0.012212662339587146]}, "WNLI": {"acc": [0.5014084507042254, 0.04763812542334584]}}