{
    "CoLA": {
        "mcc": [
            0.5494261502670419,
            0.019644897551374805
        ]
    },
    "MNLI": {
        "mnli-mm_acc": [
            0.8371236777868185,
            0.0028439180194988344
        ],
        "mnli_acc": [
            0.8303209373408048,
            0.003786280849227639
        ]
    },
    "MRPC": {
        "acc": [
            0.8142156862745098,
            0.02553728681888451
        ],
        "acc_and_f1": [
            0.842687319562619,
            0.020975745449098245
        ],
        "f1": [
            0.8711589528507281,
            0.016493198204886813
        ]
    },
    "QNLI": {
        "acc": [
            0.9055464030752333,
            0.0036019399967047528
        ]
    },
    "QQP": {
        "acc": [
            0.9036260202819688,
            0.003566606963669639
        ],
        "acc_and_f1": [
            0.8869980243060345,
            0.004187691083039768
        ],
        "f1": [
            0.8703700283301001,
            0.004811510863125865
        ]
    },
    "RTE": {
        "acc": [
            0.5617328519855596,
            0.0541564378125608
        ]
    },
    "SST-2": {
        "acc": [
            0.9160550458715596,
            0.004722766119718813
        ]
    },
    "STS-B": {
        "corr": [
            0.8717105486931551,
            0.004896076550192615
        ],
        "pearson": [
            0.8728234623455224,
            0.005137909843519922
        ],
        "spearmanr": [
            0.8705976350407878,
            0.004686071841263703
        ]
    },
    "WNLI": {
        "acc": [
            0.447887323943662,
            0.07367153144012406
        ]
    }
}