{
    "CoLA": {
        "mcc": [
            0.5691628923362358,
            0.013033310970205022
        ]
    },
    "MNLI": {
        "mnli-mm_acc": [
            0.8391781936533766,
            0.0037250388434577125
        ],
        "mnli_acc": [
            0.8344982170147732,
            0.004202599605174682
        ]
    },
    "MRPC": {
        "acc": [
            0.7024509803921568,
            0.07645487520818284
        ],
        "acc_and_f1": [
            0.7195039657636573,
            0.08633843399702178
        ],
        "f1": [
            0.7365569511351577,
            0.09625389273301015
        ]
    },
    "QNLI": {
        "acc": [
            0.908145707486729,
            0.0014707896340179823
        ]
    },
    "QQP": {
        "acc": [
            0.9032154340836012,
            0.004180342375207082
        ],
        "acc_and_f1": [
            0.8872110619353991,
            0.006493886821653497
        ],
        "f1": [
            0.8712066897871967,
            0.008826637278434026
        ]
    },
    "RTE": {
        "acc": [
            0.6288808664259928,
            0.00835800498396405
        ]
    },
    "SST-2": {
        "acc": [
            0.924770642201835,
            0.0035973365003114993
        ]
    },
    "STS-B": {
        "corr": [
            0.8672733998911571,
            0.012180582377239641
        ],
        "pearson": [
            0.8680695168450177,
            0.013173840042123165
        ],
        "spearmanr": [
            0.8664772829372964,
            0.011200460517029108
        ]
    },
    "WNLI": {
        "acc": [
            0.3971830985915493,
            0.04662801509083619
        ]
    }
}