{
    "CoLA": {
        "mcc": [
            0.5218372390720518,
            0.013551252802399142
        ]
    },
    "MNLI": {
        "mnli-mm_acc": [
            0.8231285598047193,
            0.00592150848085552
        ],
        "mnli_acc": [
            0.8217829852266938,
            0.0079183358404595
        ]
    },
    "MRPC": {
        "acc": [
            0.8303921568627451,
            0.01089515233867298
        ],
        "acc_and_f1": [
            0.8569141334525728,
            0.008237906178989732
        ],
        "f1": [
            0.8834361100424006,
            0.006102219383365847
        ]
    },
    "QNLI": {
        "acc": [
            0.8565989383122826,
            0.011194856596014083
        ]
    },
    "QQP": {
        "acc": [
            0.8914024239426169,
            0.009762807918919364
        ],
        "acc_and_f1": [
            0.875189176182532,
            0.010226873875745487
        ],
        "f1": [
            0.8589759284224471,
            0.010775001989043447
        ]
    },
    "RTE": {
        "acc": [
            0.6043321299638988,
            0.025177755630559854
        ]
    },
    "SST-2": {
        "acc": [
            0.9185779816513762,
            0.00397259359534147
        ]
    },
    "STS-B": {
        "corr": [
            0.8740480785550553,
            0.005731528652420438
        ],
        "pearson": [
            0.8745120888247697,
            0.0059324967458441935
        ],
        "spearmanr": [
            0.8735840682853411,
            0.005785604545143399
        ]
    },
    "WNLI": {
        "acc": [
            0.3971830985915493,
            0.0731310140042094
        ]
    }
}