{
    "CoLA": {
        "mcc": [
            0.5244417429953462,
            0.014678261280084015
        ]
    },
    "MNLI": {
        "mnli-mm_acc": [
            0.8386696501220505,
            0.0031443621182367094
        ],
        "mnli_acc": [
            0.8377585328578705,
            0.0022842215233974416
        ]
    },
    "MRPC": {
        "acc": [
            0.8225490196078432,
            0.005923061751762055
        ],
        "acc_and_f1": [
            0.8468132469261441,
            0.006490197314400452
        ],
        "f1": [
            0.8710774742444449,
            0.008000292296078959
        ]
    },
    "QNLI": {
        "acc": [
            0.9057660626029655,
            0.0028106311869184404
        ]
    },
    "QQP": {
        "acc": [
            0.9030225080385852,
            0.0010439317508718527
        ],
        "acc_and_f1": [
            0.8879963384043009,
            0.001941997180861614
        ],
        "f1": [
            0.8729701687700168,
            0.002876473346201824
        ]
    },
    "RTE": {
        "acc": [
            0.6346570397111913,
            0.024527491337852748
        ]
    },
    "SST-2": {
        "acc": [
            0.9158256880733944,
            0.003740712484013774
        ]
    },
    "STS-B": {
        "corr": [
            0.8821476145646245,
            0.006241920209573618
        ],
        "pearson": [
            0.8835549728348899,
            0.0060499414164056475
        ],
        "spearmanr": [
            0.880740256294359,
            0.006459542752967746
        ]
    },
    "WNLI": {
        "acc": [
            0.3633802816901408,
            0.05591389645430764
        ]
    }
}