{
    "CoLA": {
        "mcc": [
            0.530869043603633,
            0.027513782090548427
        ]
    },
    "MNLI": {
        "mnli-mm_acc": [
            0.8350081366965012,
            0.004182392598316196
        ],
        "mnli_acc": [
            0.8333571064696892,
            0.0035764927356472256
        ]
    },
    "MRPC": {
        "acc": [
            0.8102941176470588,
            0.017233721403183282
        ],
        "acc_and_f1": [
            0.8329466016301523,
            0.01835826698325413
        ],
        "f1": [
            0.8555990856132463,
            0.01957109527164071
        ]
    },
    "QNLI": {
        "acc": [
            0.8921471718835805,
            0.0023737236064356173
        ]
    },
    "QQP": {
        "acc": [
            0.9033935196636161,
            0.0011471294402274886
        ],
        "acc_and_f1": [
            0.8883931854087381,
            0.0029117931588078937
        ],
        "f1": [
            0.8733928511538599,
            0.0047644027600403675
        ]
    },
    "RTE": {
        "acc": [
            0.623826714801444,
            0.021345480865118394
        ]
    },
    "SST-2": {
        "acc": [
            0.909862385321101,
            0.004506165757887283
        ]
    },
    "STS-B": {
        "corr": [
            0.882252607161222,
            0.002723612445788642
        ],
        "pearson": [
            0.8836493193170163,
            0.0030411305021685723
        ],
        "spearmanr": [
            0.8808558950054273,
            0.0024302292628647494
        ]
    },
    "WNLI": {
        "acc": [
            0.3971830985915493,
            0.05800355009006759
        ]
    }
}