{
    "CoLA": {
        "mcc": [
            0.5658992598934429,
            0.005232379220036189
        ]
    },
    "MNLI": {
        "mnli-mm_acc": [
            0.8435923515052888,
            0.0031887909790236056
        ],
        "mnli_acc": [
            0.841141110545084,
            0.003607012200311437
        ]
    },
    "MRPC": {
        "acc": [
            0.8333333333333334,
            0.005141219843971313
        ],
        "acc_and_f1": [
            0.8597770671002201,
            0.0038929986568971933
        ],
        "f1": [
            0.8862208008671064,
            0.002822352324134244
        ]
    },
    "QNLI": {
        "acc": [
            0.9104887424492036,
            0.0015957894722829036
        ]
    },
    "QQP": {
        "acc": [
            0.9021172396735098,
            0.003222754656795276
        ],
        "acc_and_f1": [
            0.8873197502311969,
            0.0035730622349558136
        ],
        "f1": [
            0.8725222607888842,
            0.003936094958725086
        ]
    },
    "RTE": {
        "acc": [
            0.6180505415162455,
            0.03240260746904963
        ]
    },
    "SST-2": {
        "acc": [
            0.9227064220183486,
            0.004677999553754827
        ]
    },
    "STS-B": {
        "corr": [
            0.8693953843169491,
            0.01002734082841586
        ],
        "pearson": [
            0.8703976843533427,
            0.009974052922762811
        ],
        "spearmanr": [
            0.8683930842805554,
            0.01008445369408951
        ]
    },
    "WNLI": {
        "acc": [
            0.3352112676056338,
            0.034956827171805226
        ]
    }
}