{
    "CoLA": {
        "mcc": [
            -0.004428494695456845,
            0.021774222111900537
        ]
    },
    "MNLI": {
        "mnli-mm_acc": [
            0.3268104149715215,
            0.005166321742356104
        ],
        "mnli_acc": [
            0.3241365257259297,
            0.003951557106432794
        ]
    },
    "MRPC": {
        "acc": [
            0.39754901960784317,
            0.1396448094923219
        ],
        "acc_and_f1": [
            0.29576037325143084,
            0.22121317103433447
        ],
        "f1": [
            0.19397172689501857,
            0.30285350315288145
        ]
    },
    "QNLI": {
        "acc": [
            0.4937946183415705,
            0.012686064093055055
        ]
    },
    "QQP": {
        "acc": [
            0.6314667326242889,
            0.000732129606727705
        ],
        "acc_and_f1": [
            0.31673925606133385,
            0.0016457146950148217
        ],
        "f1": [
            0.0020117794983786643,
            0.004023558996757329
        ]
    },
    "RTE": {
        "acc": [
            0.4729241877256317,
            5.551115123125783e-17
        ]
    },
    "SST-2": {
        "acc": [
            0.5052752293577981,
            0.007238410017458468
        ]
    },
    "STS-B": {
        "corr": [
            0.0020577852562304135,
            0.024083171016102023
        ],
        "pearson": [
            -0.0011054574575066396,
            0.020136372597504396
        ],
        "spearmanr": [
            0.005221027969967466,
            0.02879745403848986
        ]
    },
    "WNLI": {
        "acc": [
            0.4309859154929577,
            0.011267605633802802
        ]
    }
}