{
    "CoLA": {
        "mcc": [
            0.540234646552856,
            0.02325006907680495
        ]
    },
    "MNLI": {
        "mnli-mm_acc": [
            0.8344385679414158,
            0.0021473788804550935
        ],
        "mnli_acc": [
            0.8332959755476311,
            0.0027432584048980623
        ]
    },
    "MRPC": {
        "acc": [
            0.825,
            0.017917320473036364
        ],
        "acc_and_f1": [
            0.8517691095567492,
            0.014021132805314761
        ],
        "f1": [
            0.8785382191134985,
            0.01094621538101808
        ]
    },
    "QNLI": {
        "acc": [
            0.8883397400695587,
            0.010034725331615766
        ]
    },
    "QQP": {
        "acc": [
            0.9047934701953994,
            0.0010387618788017376
        ],
        "acc_and_f1": [
            0.8903782173342589,
            0.000588149289561291
        ],
        "f1": [
            0.8759629644731188,
            0.0008043255218553987
        ]
    },
    "RTE": {
        "acc": [
            0.603610108303249,
            0.023217234932582695
        ]
    },
    "SST-2": {
        "acc": [
            0.9227064220183486,
            0.0033708574441970347
        ]
    },
    "STS-B": {
        "corr": [
            0.8822355630398387,
            0.003587151812933103
        ],
        "pearson": [
            0.8836544460478972,
            0.0037185103769538817
        ],
        "spearmanr": [
            0.8808166800317803,
            0.003493332073683589
        ]
    },
    "WNLI": {
        "acc": [
            0.3802816901408451,
            0.07505866250408015
        ]
    }
}