{
    "CoLA": {
        "mcc": [
            0.5120696039291912,
            0.03292992226804393
        ]
    },
    "MNLI": {
        "mnli-mm_acc": [
            0.8427176566314076,
            0.003732363084559176
        ],
        "mnli_acc": [
            0.8411614875191035,
            0.0029274840543768426
        ]
    },
    "MRPC": {
        "acc": [
            0.842156862745098,
            0.0045458914193606224
        ],
        "acc_and_f1": [
            0.8656667450245159,
            0.003566683400879922
        ],
        "f1": [
            0.8891766273039338,
            0.0030646021973653433
        ]
    },
    "QNLI": {
        "acc": [
            0.9071938495332235,
            0.000810395153621747
        ]
    },
    "QQP": {
        "acc": [
            0.9034034133069504,
            0.003000751972330902
        ],
        "acc_and_f1": [
            0.8879952399295521,
            0.003483865959081545
        ],
        "f1": [
            0.8725870665521536,
            0.003992018287284433
        ]
    },
    "RTE": {
        "acc": [
            0.6296028880866426,
            0.03059872938688385
        ]
    },
    "SST-2": {
        "acc": [
            0.9261467889908257,
            0.004077153402438358
        ]
    },
    "STS-B": {
        "corr": [
            0.8774077233806018,
            0.0070264652079535025
        ],
        "pearson": [
            0.8788420327009596,
            0.0074089158040239545
        ],
        "spearmanr": [
            0.875973414060244,
            0.006677764556306128
        ]
    },
    "WNLI": {
        "acc": [
            0.3633802816901408,
            0.034956827171805226
        ]
    }
}