{
    "CoLA": {
        "mcc": [
            0.5637841993508705,
            0.006644590889147281
        ]
    },
    "MNLI": {
        "mnli-mm_acc": [
            0.8350488201790073,
            0.001709674645195339
        ],
        "mnli_acc": [
            0.8333163525216506,
            0.0034194481040697865
        ]
    },
    "MRPC": {
        "acc": [
            0.7990196078431373,
            0.017051497187182425
        ],
        "acc_and_f1": [
            0.8332871576221199,
            0.012646368140354077
        ],
        "f1": [
            0.8675547074011026,
            0.008380425740406894
        ]
    },
    "QNLI": {
        "acc": [
            0.9037159070107998,
            0.0032580773144846235
        ]
    },
    "QQP": {
        "acc": [
            0.9028988374969081,
            0.0027021784126295607
        ],
        "acc_and_f1": [
            0.88745736440925,
            0.00402403073341694
        ],
        "f1": [
            0.8720158913215916,
            0.005385802500465697
        ]
    },
    "RTE": {
        "acc": [
            0.6259927797833935,
            0.021000779165702498
        ]
    },
    "SST-2": {
        "acc": [
            0.9243119266055044,
            0.0026150812502273796
        ]
    },
    "STS-B": {
        "corr": [
            0.8770108803424572,
            0.00664149522016202
        ],
        "pearson": [
            0.8776017214058143,
            0.006831310648123917
        ],
        "spearmanr": [
            0.8764200392790998,
            0.006524890806911361
        ]
    },
    "WNLI": {
        "acc": [
            0.3830985915492958,
            0.05148075178168188
        ]
    }
}