{
    "CoLA": {
        "mcc": [
            0.5150157364731058,
            0.012517076163983377
        ]
    },
    "MNLI": {
        "mnli-mm_acc": [
            0.8379576891781937,
            0.003939896496781251
        ],
        "mnli_acc": [
            0.8328069281711666,
            0.004529008817298606
        ]
    },
    "MRPC": {
        "acc": [
            0.8009803921568628,
            0.017701441260066435
        ],
        "acc_and_f1": [
            0.8270234545881863,
            0.01850645746253078
        ],
        "f1": [
            0.8530665170195098,
            0.019719178009229205
        ]
    },
    "QNLI": {
        "acc": [
            0.9060955518945635,
            0.0023697678685970867
        ]
    },
    "QQP": {
        "acc": [
            0.9050605985654216,
            0.0026235229810538784
        ],
        "acc_and_f1": [
            0.8897791793034671,
            0.003927764835318181
        ],
        "f1": [
            0.8744977600415125,
            0.00526885449095032
        ]
    },
    "RTE": {
        "acc": [
            0.6310469314079422,
            0.031587931919461874
        ]
    },
    "SST-2": {
        "acc": [
            0.918119266055046,
            0.0022472382961313563
        ]
    },
    "STS-B": {
        "corr": [
            0.877149185886178,
            0.009913893866575547
        ],
        "pearson": [
            0.8789351090223209,
            0.010522064182942882
        ],
        "spearmanr": [
            0.8753632627500348,
            0.009445649939297014
        ]
    },
    "WNLI": {
        "acc": [
            0.3690140845070422,
            0.04662801509083619
        ]
    }
}