{
    "CoLA": {
        "mcc": [
            0.31767543363829337,
            0.08334762776339547
        ]
    },
    "MNLI": {
        "mnli-mm_acc": [
            0.8346419853539462,
            0.009476588289705651
        ],
        "mnli_acc": [
            0.8368619460010189,
            0.009919715222568825
        ]
    },
    "MRPC": {
        "acc": [
            0.8127450980392157,
            0.007369262930574929
        ],
        "acc_and_f1": [
            0.8391410643747644,
            0.008126474238985649
        ],
        "f1": [
            0.8655370307103128,
            0.00926054972750986
        ]
    },
    "QNLI": {
        "acc": [
            0.8854109463664652,
            0.0074373124929769125
        ]
    },
    "QQP": {
        "acc": [
            0.903888201830324,
            0.0019848655761232994
        ],
        "acc_and_f1": [
            0.8884810473613083,
            0.0031950959636737296
        ],
        "f1": [
            0.8730738928922926,
            0.004573448662983955
        ]
    },
    "RTE": {
        "acc": [
            0.6144404332129964,
            0.025568131710650924
        ]
    },
    "SST-2": {
        "acc": [
            0.9199541284403668,
            0.0029372129529508287
        ]
    },
    "STS-B": {
        "corr": [
            0.879846952071351,
            0.005263630482226655
        ],
        "pearson": [
            0.881327168859975,
            0.005415349320458273
        ],
        "spearmanr": [
            0.8783667352827269,
            0.005176643354444595
        ]
    },
    "WNLI": {
        "acc": [
            0.37464788732394366,
            0.03629323584992993
        ]
    }
}