{
    "CoLA": {
        "mcc": [
            0.5451363645720949,
            0.009447594270473581
        ]
    },
    "MNLI": {
        "mnli-mm_acc": [
            0.8463588283157037,
            0.0030564100847832415
        ],
        "mnli_acc": [
            0.842567498726439,
            0.0018757887271099495
        ]
    },
    "MRPC": {
        "acc": [
            0.8230392156862745,
            0.015061070093860008
        ],
        "acc_and_f1": [
            0.8478212059216839,
            0.014043035724052114
        ],
        "f1": [
            0.8726031961570933,
            0.01315087591027163
        ]
    },
    "QNLI": {
        "acc": [
            0.9134541460735859,
            0.0010946305244537004
        ]
    },
    "QQP": {
        "acc": [
            0.9050605985654216,
            0.0031140075404202244
        ],
        "acc_and_f1": [
            0.889920674992115,
            0.0033842670987772705
        ],
        "f1": [
            0.8747807514188082,
            0.003657670508260301
        ]
    },
    "RTE": {
        "acc": [
            0.6296028880866426,
            0.033212996389891676
        ]
    },
    "SST-2": {
        "acc": [
            0.9266055045871558,
            0.0021758791239690845
        ]
    },
    "STS-B": {
        "corr": [
            0.8774288225734741,
            0.008074218109707522
        ],
        "pearson": [
            0.8789560364742723,
            0.008076424130791387
        ],
        "spearmanr": [
            0.875901608672676,
            0.008090082115445887
        ]
    },
    "WNLI": {
        "acc": [
            0.352112676056338,
            0.037792698211264054
        ]
    }
}