{
    "CoLA": {
        "mcc": [
            0.5641464909774592,
            0.012630248185026036
        ]
    },
    "MNLI": {
        "mnli-mm_acc": [
            0.8385882831570382,
            0.0040652958443403945
        ],
        "mnli_acc": [
            0.8362913907284767,
            0.005415600158014764
        ]
    },
    "MRPC": {
        "acc": [
            0.7730392156862744,
            0.022918960250119535
        ],
        "acc_and_f1": [
            0.8140744083274452,
            0.01737626376021925
        ],
        "f1": [
            0.8551096009686159,
            0.011878576349760127
        ]
    },
    "QNLI": {
        "acc": [
            0.9012996522057477,
            0.0009644473638893867
        ]
    },
    "QQP": {
        "acc": [
            0.9007321296067277,
            0.00374806546003667
        ],
        "acc_and_f1": [
            0.8853512157989026,
            0.004476773438256577
        ],
        "f1": [
            0.8699703019910775,
            0.00523888571071066
        ]
    },
    "RTE": {
        "acc": [
            0.6296028880866426,
            0.03368058856228332
        ]
    },
    "SST-2": {
        "acc": [
            0.9245412844036697,
            0.0013373742878085642
        ]
    },
    "STS-B": {
        "corr": [
            0.8562552786683011,
            0.013351198144525714
        ],
        "pearson": [
            0.8579082519819432,
            0.013690884339824554
        ],
        "spearmanr": [
            0.854602305354659,
            0.013040299792308417
        ]
    },
    "WNLI": {
        "acc": [
            0.3830985915492957,
            0.042159519850973985
        ]
    }
}