{
    "CoLA": {
        "mcc": [
            0.47371077700521863,
            0.08507431124778415
        ]
    },
    "MNLI": {
        "mnli-mm_acc": [
            0.5329332790886899,
            0.14274475994993038
        ],
        "mnli_acc": [
            0.5401324503311258,
            0.137898476424123
        ]
    },
    "MRPC": {
        "acc": [
            0.6950980392156862,
            0.15848274987177757
        ],
        "acc_and_f1": [
            0.7052324639404801,
            0.17525894290669833
        ],
        "f1": [
            0.7153668886652739,
            0.1921585660906762
        ]
    },
    "QNLI": {
        "acc": [
            0.7617426322533406,
            0.044701238602607114
        ]
    },
    "QQP": {
        "acc": [
            0.7245510759337126,
            0.026643250851495475
        ],
        "acc_and_f1": [
            0.6276469335605694,
            0.06182054951887792
        ],
        "f1": [
            0.5307427911874262,
            0.09749404929448477
        ]
    },
    "RTE": {
        "acc": [
            0.6093862815884477,
            0.06705089828877343
        ]
    },
    "SST-2": {
        "acc": [
            0.8291284403669724,
            0.06949200645661982
        ]
    },
    "STS-B": {
        "corr": [
            0.6522896351138243,
            0.12547145861520523
        ],
        "pearson": [
            0.635585651389672,
            0.12352172039386765
        ],
        "spearmanr": [
            0.6689936188379766,
            0.13033825721907846
        ]
    },
    "WNLI": {
        "acc": [
            0.5126760563380282,
            0.06209973995788342
        ]
    }
}