{
    "CoLA": {
        "mcc": [
            0.01776112422627355,
            0.022133285371485976
        ]
    },
    "MNLI": {
        "mnli-mm_acc": [
            0.31822620016273395,
            4.068348250609866e-05
        ],
        "mnli_acc": [
            0.3182068262862965,
            9.982637769875322e-05
        ]
    },
    "MRPC": {
        "acc": [
            0.3897058823529412,
            0.14705882352941177
        ],
        "acc_and_f1": [
            0.2760756486000514,
            0.2359748266118675
        ],
        "f1": [
            0.16244541484716157,
            0.32489082969432315
        ]
    },
    "QNLI": {
        "acc": [
            0.5093172249679663,
            0.005122250025961592
        ]
    },
    "QQP": {
        "acc": [
            0.6318327974276527,
            0.0
        ],
        "acc_and_f1": [
            0.3159163987138264,
            0.0
        ],
        "f1": [
            0.0,
            0.0
        ]
    },
    "RTE": {
        "acc": [
            0.48447653429602894,
            0.023104693140794223
        ]
    },
    "SST-2": {
        "acc": [
            0.5096330275229357,
            0.012342774355113493
        ]
    },
    "STS-B": {
        "corr": [
            0.05883938971159436,
            0.031658656369672196
        ],
        "pearson": [
            0.06037232925017829,
            0.02526279704006404
        ],
        "spearmanr": [
            0.05730645017301041,
            0.038536305672579325
        ]
    },
    "WNLI": {
        "acc": [
            0.5408450704225352,
            0.053890497097771814
        ]
    }
}