{
    "CoLA": {
        "mcc": [
            0.5184781599130583,
            0.026210974530346768
        ]
    },
    "MNLI": {
        "mnli-mm_acc": [
            0.8046786004882017,
            0.008716525136430975
        ],
        "mnli_acc": [
            0.8071930718288334,
            0.008904201394154286
        ]
    },
    "MRPC": {
        "acc": [
            0.8156862745098039,
            0.021557483752251003
        ],
        "acc_and_f1": [
            0.842199119852735,
            0.018799304122413082
        ],
        "f1": [
            0.8687119651956661,
            0.017162338960606007
        ]
    },
    "QNLI": {
        "acc": [
            0.8125938129233022,
            0.027727610961622417
        ]
    },
    "QQP": {
        "acc": [
            0.882503091763542,
            0.011378631842193822
        ],
        "acc_and_f1": [
            0.8689710625124573,
            0.009094062277838424
        ],
        "f1": [
            0.8554390332613723,
            0.007008019900111057
        ]
    },
    "RTE": {
        "acc": [
            0.5848375451263539,
            0.03529792508759659
        ]
    },
    "SST-2": {
        "acc": [
            0.9233944954128439,
            0.0019730103823492316
        ]
    },
    "STS-B": {
        "corr": [
            0.8788182706277791,
            0.0024196944593436864
        ],
        "pearson": [
            0.8797087114570783,
            0.002001542390763132
        ],
        "spearmanr": [
            0.8779278297984799,
            0.003004671565776496
        ]
    },
    "WNLI": {
        "acc": [
            0.43380281690140843,
            0.10172095822686081
        ]
    }
}