{
    "CoLA": {
        "mcc": [
            0.4939087648678102,
            0.026107429117619915
        ]
    },
    "MNLI": {
        "mnli-mm_acc": [
            0.8274410089503663,
            0.003786843377777114
        ],
        "mnli_acc": [
            0.8268364747834946,
            0.004078246582460929
        ]
    },
    "MRPC": {
        "acc": [
            0.8088235294117647,
            0.01929903890689169
        ],
        "acc_and_f1": [
            0.8361182985965195,
            0.017390132819699894
        ],
        "f1": [
            0.8634130677812741,
            0.015521569061671852
        ]
    },
    "QNLI": {
        "acc": [
            0.8894014277869303,
            0.0013911770089694382
        ]
    },
    "QQP": {
        "acc": [
            0.8907989116992331,
            0.005345429377894452
        ],
        "acc_and_f1": [
            0.8733843285043316,
            0.006941384767971685
        ],
        "f1": [
            0.8559697453094298,
            0.008541190521591559
        ]
    },
    "RTE": {
        "acc": [
            0.6296028880866427,
            0.02390317019097016
        ]
    },
    "SST-2": {
        "acc": [
            0.9105504587155963,
            0.0044117853352457145
        ]
    },
    "STS-B": {
        "corr": [
            0.8570817810006792,
            0.011846318162642356
        ],
        "pearson": [
            0.8585376954445904,
            0.011646858648944408
        ],
        "spearmanr": [
            0.8556258665567681,
            0.01204997351698897
        ]
    },
    "WNLI": {
        "acc": [
            0.3887323943661972,
            0.019105154882043004
        ]
    }
}