{
    "CoLA": {
        "mcc": [
            -0.007524725403323074,
            0.0245799194182369
        ]
    },
    "MNLI": {
        "mnli-mm_acc": [
            0.386920260374288,
            0.03841280256504068
        ],
        "mnli_acc": [
            0.38862964849719817,
            0.03267196000809031
        ]
    },
    "MRPC": {
        "acc": [
            0.32156862745098036,
            0.010444743016011043
        ],
        "acc_and_f1": [
            0.19208618731133636,
            0.040312304260242404
        ],
        "f1": [
            0.06260374717169236,
            0.0705232081352275
        ]
    },
    "QNLI": {
        "acc": [
            0.52352187442797,
            0.02525129346887835
        ]
    },
    "QQP": {
        "acc": [
            0.6393173386099431,
            0.007046392809172291
        ],
        "acc_and_f1": [
            0.3863788174518027,
            0.06409894476480156
        ],
        "f1": [
            0.13344029629366214,
            0.12123264166084986
        ]
    },
    "RTE": {
        "acc": [
            0.4916967509025271,
            0.02034513040231822
        ]
    },
    "SST-2": {
        "acc": [
            0.6486238532110092,
            0.04127548323606494
        ]
    },
    "STS-B": {
        "corr": [
            0.18966971554436474,
            0.09384111191792668
        ],
        "pearson": [
            0.18411589333356748,
            0.08721873159195329
        ],
        "spearmanr": [
            0.195223537755162,
            0.10060831104870799
        ]
    },
    "WNLI": {
        "acc": [
            0.504225352112676,
            0.022535211267605625
        ]
    }
}