{
    "CoLA": {
        "mcc": [
            0.10969872094781077,
            0.046322294979520194
        ]
    },
    "MNLI": {
        "mnli-mm_acc": [
            0.7697518307567128,
            0.011811074325438691
        ],
        "mnli_acc": [
            0.778318899643403,
            0.011497092517987483
        ]
    },
    "MRPC": {
        "acc": [
            0.778921568627451,
            0.03682674504116263
        ],
        "acc_and_f1": [
            0.8012051830224441,
            0.038098283829860906
        ],
        "f1": [
            0.8234887974174374,
            0.03941550477412979
        ]
    },
    "QNLI": {
        "acc": [
            0.8048325096101043,
            0.022635295869494823
        ]
    },
    "QQP": {
        "acc": [
            0.8747514222112294,
            0.025833520002490586
        ],
        "acc_and_f1": [
            0.8462161094978347,
            0.042520428331298356
        ],
        "f1": [
            0.8176807967844401,
            0.059212706745987075
        ]
    },
    "RTE": {
        "acc": [
            0.6267148014440433,
            0.01863319552428005
        ]
    },
    "SST-2": {
        "acc": [
            0.8940366972477065,
            0.00515927609137705
        ]
    },
    "STS-B": {
        "corr": [
            0.858291590909927,
            0.013292110806192563
        ],
        "pearson": [
            0.8567726297890866,
            0.014875653122739035
        ],
        "spearmanr": [
            0.8598105520307676,
            0.011849170941721986
        ]
    },
    "WNLI": {
        "acc": [
            0.4253521126760563,
            0.04023339959742451
        ]
    }
}