{
    "CoLA": {
        "mcc": [
            0.2557683277579872,
            0.15544234967966034
        ]
    },
    "MNLI": {
        "mnli-mm_acc": [
            0.7975386493083808,
            0.007561165047994688
        ],
        "mnli_acc": [
            0.7976362710137544,
            0.009580515562787148
        ]
    },
    "MRPC": {
        "acc": [
            0.6269607843137255,
            0.08332468236526673
        ],
        "acc_and_f1": [
            0.6251511063994004,
            0.10208058212919112
        ],
        "f1": [
            0.6233414284850752,
            0.12084770498156186
        ]
    },
    "QNLI": {
        "acc": [
            0.8349258649093905,
            0.016000001608343518
        ]
    },
    "QQP": {
        "acc": [
            0.8449418748454118,
            0.02779279645798016
        ],
        "acc_and_f1": [
            0.796221979456624,
            0.047520606409575866
        ],
        "f1": [
            0.747502084067836,
            0.06725183383371612
        ]
    },
    "RTE": {
        "acc": [
            0.5653429602888087,
            0.025892304804391492
        ]
    },
    "SST-2": {
        "acc": [
            0.9057339449541285,
            0.00530010092123458
        ]
    },
    "STS-B": {
        "corr": [
            0.8719545055561205,
            0.006922160377581105
        ],
        "pearson": [
            0.8712723865622587,
            0.00783329938187198
        ],
        "spearmanr": [
            0.8726366245499826,
            0.006276127170424934
        ]
    },
    "WNLI": {
        "acc": [
            0.43943661971830983,
            0.07036617462984113
        ]
    }
}