{
    "CoLA": {
        "mcc": [
            0.4082525615381417,
            0.014228450316460929
        ]
    },
    "MNLI": {
        "mnli-mm_acc": [
            0.7786411716842961,
            0.006218919772750278
        ],
        "mnli_acc": [
            0.7882628629648496,
            0.004083232402427326
        ]
    },
    "MRPC": {
        "acc": [
            0.46568627450980393,
            0.16976644516930015
        ],
        "acc_and_f1": [
            0.38863252949727267,
            0.24964944865617816
        ],
        "f1": [
            0.31157878448474136,
            0.3300187314669638
        ]
    },
    "QNLI": {
        "acc": [
            0.8421746293245469,
            0.011923486607773377
        ]
    },
    "QQP": {
        "acc": [
            0.8735592381894632,
            0.014081125920246225
        ],
        "acc_and_f1": [
            0.8547006258567909,
            0.020917388025234674
        ],
        "f1": [
            0.8358420135241185,
            0.028894025553375977
        ]
    },
    "RTE": {
        "acc": [
            0.5862815884476534,
            0.03368058856228335
        ]
    },
    "SST-2": {
        "acc": [
            0.8993119266055046,
            0.00483286869396915
        ]
    },
    "STS-B": {
        "corr": [
            0.7759744513106834,
            0.07152861957725576
        ],
        "pearson": [
            0.7734636216521252,
            0.06953060060390238
        ],
        "spearmanr": [
            0.7784852809692417,
            0.0736838859528197
        ]
    },
    "WNLI": {
        "acc": [
            0.43943661971830983,
            0.0808602822220131
        ]
    }
}