{
    "CoLA": {
        "mcc": [
            0.5313896909617851,
            0.008475265569990488
        ]
    },
    "MNLI": {
        "mnli-mm_acc": [
            0.8278071602929211,
            0.002685572117911183
        ],
        "mnli_acc": [
            0.8286296484971981,
            0.0030203322519182715
        ]
    },
    "MRPC": {
        "acc": [
            0.6887254901960784,
            0.0645311067990746
        ],
        "acc_and_f1": [
            0.7045464417911053,
            0.07174740155765302
        ],
        "f1": [
            0.7203673933861323,
            0.07900999795236567
        ]
    },
    "QNLI": {
        "acc": [
            0.8992128866922936,
            0.0017350167469994719
        ]
    },
    "QQP": {
        "acc": [
            0.8887064061340588,
            0.004340666182755807
        ],
        "acc_and_f1": [
            0.8708891370408057,
            0.006429920790066338
        ],
        "f1": [
            0.8530718679475525,
            0.008539956930899305
        ]
    },
    "RTE": {
        "acc": [
            0.6267148014440433,
            0.02866344150365229
        ]
    },
    "SST-2": {
        "acc": [
            0.9181192660550458,
            0.004677999553754869
        ]
    },
    "STS-B": {
        "corr": [
            0.8520427412844761,
            0.013828971922465749
        ],
        "pearson": [
            0.8522564331922349,
            0.014060517363404908
        ],
        "spearmanr": [
            0.8518290493767173,
            0.013674894725676932
        ]
    },
    "WNLI": {
        "acc": [
            0.4084507042253521,
            0.05418418045541224
        ]
    }
}