{
    "CoLA": {
        "mcc": [
            0.49509966061342653,
            0.042849754823270254
        ]
    },
    "MNLI": {
        "mnli-mm_acc": [
            0.8156021155410903,
            0.005298623383901991
        ],
        "mnli_acc": [
            0.8129393785022924,
            0.009065578107425627
        ]
    },
    "MRPC": {
        "acc": [
            0.823529411764706,
            0.008904853982639693
        ],
        "acc_and_f1": [
            0.8489838304850135,
            0.007606217633781588
        ],
        "f1": [
            0.8744382492053212,
            0.007766097341030941
        ]
    },
    "QNLI": {
        "acc": [
            0.8596375617792422,
            0.007647356014878415
        ]
    },
    "QQP": {
        "acc": [
            0.8921741281226812,
            0.008406433182986943
        ],
        "acc_and_f1": [
            0.8742613818347262,
            0.009219694475065258
        ],
        "f1": [
            0.8563486355467711,
            0.010268295901201088
        ]
    },
    "RTE": {
        "acc": [
            0.5306859205776174,
            0.033478767131753455
        ]
    },
    "SST-2": {
        "acc": [
            0.921330275229358,
            0.003370857444197044
        ]
    },
    "STS-B": {
        "corr": [
            0.8738226034671446,
            0.002095454287174739
        ],
        "pearson": [
            0.8724869952152599,
            0.004567413164588488
        ],
        "spearmanr": [
            0.8751582117190294,
            0.002547543290078576
        ]
    },
    "WNLI": {
        "acc": [
            0.4535211267605634,
            0.0832774394315182
        ]
    }
}