{
    "CoLA": {
        "mcc": [
            0.259129226287392,
            0.03423413654643073
        ]
    },
    "MNLI": {
        "mnli-mm_acc": [
            0.7619609438567941,
            0.010104461798376657
        ],
        "mnli_acc": [
            0.7731227712684667,
            0.006790884547619201
        ]
    },
    "MRPC": {
        "acc": [
            0.7142156862745097,
            0.11335724695126742
        ],
        "acc_and_f1": [
            0.7271386155452356,
            0.13565835642107998
        ],
        "f1": [
            0.7400615448159613,
            0.158024089882553
        ]
    },
    "QNLI": {
        "acc": [
            0.8609555189456343,
            0.007522069395636302
        ]
    },
    "QQP": {
        "acc": [
            0.8883502349740292,
            0.004636916423881875
        ],
        "acc_and_f1": [
            0.8709933649851781,
            0.008520273795376126
        ],
        "f1": [
            0.8536364949963268,
            0.012693567566110306
        ]
    },
    "RTE": {
        "acc": [
            0.619494584837545,
            0.019720578027072437
        ]
    },
    "SST-2": {
        "acc": [
            0.8947247706422019,
            0.0024488711587227854
        ]
    },
    "STS-B": {
        "corr": [
            0.8629345717663643,
            0.012025764515101707
        ],
        "pearson": [
            0.8632498739077683,
            0.012939774848541044
        ],
        "spearmanr": [
            0.8626192696249599,
            0.01123331322072401
        ]
    },
    "WNLI": {
        "acc": [
            0.45352112676056333,
            0.03821030976408601
        ]
    }
}