{
    "CoLA": {
        "mcc": [
            0.0013838703964660637,
            0.0315517476109971
        ]
    },
    "MNLI": {
        "mnli-mm_acc": [
            0.318246541903987,
            0.0
        ],
        "mnli_acc": [
            0.31818644931227713,
            0.0
        ]
    },
    "MRPC": {
        "acc": [
            0.3897058823529412,
            0.14705882352941177
        ],
        "acc_and_f1": [
            0.2760756486000514,
            0.2359748266118675
        ],
        "f1": [
            0.16244541484716157,
            0.32489082969432315
        ]
    },
    "QNLI": {
        "acc": [
            0.4885960095185795,
            0.005832823362007525
        ]
    },
    "QQP": {
        "acc": [
            0.5790897848132575,
            0.10548602522879053
        ],
        "acc_and_f1": [
            0.34335530300888156,
            0.05487780859011036
        ],
        "f1": [
            0.1076208212045056,
            0.2152416424090112
        ]
    },
    "RTE": {
        "acc": [
            0.5111913357400721,
            0.021491517785035715
        ]
    },
    "SST-2": {
        "acc": [
            0.49816513761467884,
            0.008988953184525398
        ]
    },
    "STS-B": {
        "corr": [
            -0.012987595968008572,
            0.032301223388589706
        ],
        "pearson": [
            -0.014047641010771167,
            0.03290326815112266
        ],
        "spearmanr": [
            -0.011927550925245972,
            0.03216979974815109
        ]
    },
    "WNLI": {
        "acc": [
            0.5380281690140845,
            0.0507042253521127
        ]
    }
}