{
    "CoLA": {
        "mcc": [
            0.0035654978515730733,
            0.03030464571060012
        ]
    },
    "MNLI": {
        "mnli-mm_acc": [
            0.3194873881204231,
            0.003126546144319092
        ],
        "mnli_acc": [
            0.3187773815588385,
            0.00288994058861304
        ]
    },
    "MRPC": {
        "acc": [
            0.5563725490196079,
            0.07380666682398196
        ],
        "acc_and_f1": [
            0.6070646062372745,
            0.08722011323629124
        ],
        "f1": [
            0.6577566634549412,
            0.10084622318536772
        ]
    },
    "QNLI": {
        "acc": [
            0.4982976386600768,
            0.004095405134812252
        ]
    },
    "QQP": {
        "acc": [
            0.6188820183032402,
            0.021982000139645002
        ],
        "acc_and_f1": [
            0.35917029935653516,
            0.04377484817525169
        ],
        "f1": [
            0.09945858040983006,
            0.106885969893425
        ]
    },
    "RTE": {
        "acc": [
            0.4844765342960288,
            0.013391506852701376
        ]
    },
    "SST-2": {
        "acc": [
            0.513532110091743,
            0.0183686816974091
        ]
    },
    "STS-B": {
        "corr": [
            0.028616790303858653,
            0.04456714680398891
        ],
        "pearson": [
            0.03784936117884939,
            0.0448094396502856
        ],
        "spearmanr": [
            0.019384219428867915,
            0.04624847204605657
        ]
    },
    "WNLI": {
        "acc": [
            0.5211267605633803,
            0.05418418045541222
        ]
    }
}