{
    "CoLA": {
        "mcc": [
            0.3466407816136382,
            0.034330080636691435
        ]
    },
    "MNLI": {
        "mnli-mm_acc": [
            0.798006509357201,
            0.004466853702784257
        ],
        "mnli_acc": [
            0.7964340295466125,
            0.005056200281963429
        ]
    },
    "MRPC": {
        "acc": [
            0.6504901960784315,
            0.09936118526107651
        ],
        "acc_and_f1": [
            0.6609641921088106,
            0.12316924070933503
        ],
        "f1": [
            0.6714381881391899,
            0.14720797933953084
        ]
    },
    "QNLI": {
        "acc": [
            0.8804319970712063,
            0.0064980289898836025
        ]
    },
    "QQP": {
        "acc": [
            0.8562206282463517,
            0.015913372485685206
        ],
        "acc_and_f1": [
            0.8296582333606152,
            0.026700479678565463
        ],
        "f1": [
            0.8030958384748785,
            0.03750968425143424
        ]
    },
    "RTE": {
        "acc": [
            0.5891696750902526,
            0.02034513040231822
        ]
    },
    "SST-2": {
        "acc": [
            0.9006880733944953,
            0.006941626582762182
        ]
    },
    "STS-B": {
        "corr": [
            0.8309928334457155,
            0.015139809411137727
        ],
        "pearson": [
            0.8225539620022939,
            0.01799549310833119
        ],
        "spearmanr": [
            0.839431704889137,
            0.01295026260623319
        ]
    },
    "WNLI": {
        "acc": [
            0.44225352112676053,
            0.050860479113430376
        ]
    }
}