{
    "CoLA": {
        "mcc": [
            0.494419059965489,
            0.024615034112730912
        ]
    },
    "MNLI": {
        "mnli-mm_acc": [
            0.8152766476810415,
            0.009219410350572933
        ],
        "mnli_acc": [
            0.8097198166072337,
            0.010828324760803476
        ]
    },
    "MRPC": {
        "acc": [
            0.8107843137254902,
            0.030193850185165683
        ],
        "acc_and_f1": [
            0.8332652485280146,
            0.03146893117583641
        ],
        "f1": [
            0.8557461833305391,
            0.03279936214614541
        ]
    },
    "QNLI": {
        "acc": [
            0.8858502654219294,
            0.001255458773529749
        ]
    },
    "QQP": {
        "acc": [
            0.8972446203314371,
            0.0016266395326117744
        ],
        "acc_and_f1": [
            0.880492783179133,
            0.0034712621952966505
        ],
        "f1": [
            0.863740946026829,
            0.005874995701364404
        ]
    },
    "RTE": {
        "acc": [
            0.5292418772563177,
            0.015418163540839466
        ]
    },
    "SST-2": {
        "acc": [
            0.9146788990825687,
            0.009638486875894817
        ]
    },
    "STS-B": {
        "corr": [
            0.8791559425180754,
            0.002838929554659189
        ],
        "pearson": [
            0.8802726620787966,
            0.0034853053395364135
        ],
        "spearmanr": [
            0.8780392229573541,
            0.002489002023762258
        ]
    },
    "WNLI": {
        "acc": [
            0.45352112676056333,
            0.0638635721056599
        ]
    }
}