{
    "CoLA": {
        "mcc": [
            0.45582688523082293,
            0.016281429628155146
        ]
    },
    "MNLI": {
        "mnli-mm_acc": [
            0.8254068348250609,
            0.003089400906421124
        ],
        "mnli_acc": [
            0.8243301069791136,
            0.00472745797249107
        ]
    },
    "MRPC": {
        "acc": [
            0.7166666666666666,
            0.06635958688269411
        ],
        "acc_and_f1": [
            0.7377701163005548,
            0.07188421812490671
        ],
        "f1": [
            0.758873565934443,
            0.0775064246921007
        ]
    },
    "QNLI": {
        "acc": [
            0.8953322350356947,
            0.0031480275052836507
        ]
    },
    "QQP": {
        "acc": [
            0.8749295077912441,
            0.006989258579378801
        ],
        "acc_and_f1": [
            0.8564652656523293,
            0.01070332641016476
        ],
        "f1": [
            0.8380010235134145,
            0.014464561073851913
        ]
    },
    "RTE": {
        "acc": [
            0.6144404332129965,
            0.03015250977302686
        ]
    },
    "SST-2": {
        "acc": [
            0.9158256880733944,
            0.002361383059859412
        ]
    },
    "STS-B": {
        "corr": [
            0.8476490950681199,
            0.015241483141365298
        ],
        "pearson": [
            0.8482699960256721,
            0.015675630067609376
        ],
        "spearmanr": [
            0.8470281941105678,
            0.014864435313948819
        ]
    },
    "WNLI": {
        "acc": [
            0.37746478873239436,
            0.048299797745020426
        ]
    }
}