{
    "CoLA": {
        "mcc": [
            0.41131429182384177,
            0.03577652659309618
        ]
    },
    "MNLI": {
        "mnli-mm_acc": [
            0.7981692432872254,
            0.002204616858191641
        ],
        "mnli_acc": [
            0.802669383596536,
            0.006112888432670982
        ]
    },
    "MRPC": {
        "acc": [
            0.6735294117647059,
            0.12283691673216368
        ],
        "acc_and_f1": [
            0.6863337037063134,
            0.1543794669759375
        ],
        "f1": [
            0.6991379956479209,
            0.1865597421061916
        ]
    },
    "QNLI": {
        "acc": [
            0.8535969247666116,
            0.010778746718237966
        ]
    },
    "QQP": {
        "acc": [
            0.8839673509769973,
            0.005524658630115507
        ],
        "acc_and_f1": [
            0.8670402143732788,
            0.007972605371966538
        ],
        "f1": [
            0.8501130777695606,
            0.010499134583296304
        ]
    },
    "RTE": {
        "acc": [
            0.6158844765342961,
            0.013036440494778196
        ]
    },
    "SST-2": {
        "acc": [
            0.9043577981651376,
            0.005210007656697486
        ]
    },
    "STS-B": {
        "corr": [
            0.8401340511928431,
            0.020976368950737054
        ],
        "pearson": [
            0.8367636840133903,
            0.021699699434888878
        ],
        "spearmanr": [
            0.8435044183722964,
            0.020409569020333924
        ]
    },
    "WNLI": {
        "acc": [
            0.43661971830985913,
            0.07070366421414724
        ]
    }
}