{
    "CoLA": {
        "mcc": [
            0.013497264169669853,
            0.011194086522055202
        ]
    },
    "MNLI": {
        "mnli-mm_acc": [
            0.320219690805533,
            0.004019025673316473
        ],
        "mnli_acc": [
            0.3213245033112583,
            0.0036413829317042076
        ]
    },
    "MRPC": {
        "acc": [
            0.3897058823529412,
            0.14705882352941177
        ],
        "acc_and_f1": [
            0.2760756486000514,
            0.2359748266118675
        ],
        "f1": [
            0.16244541484716157,
            0.32489082969432315
        ]
    },
    "QNLI": {
        "acc": [
            0.5109646714259565,
            0.0044876655954064
        ]
    },
    "QQP": {
        "acc": [
            0.6318377442493197,
            9.893643334146773e-06
        ],
        "acc_and_f1": [
            0.31594573940031817,
            5.868137298357113e-05
        ],
        "f1": [
            5.37345513164965e-05,
            0.000107469102632993
        ]
    },
    "RTE": {
        "acc": [
            0.47942238267148013,
            0.025260441421712517
        ]
    },
    "SST-2": {
        "acc": [
            0.4986238532110092,
            0.015046990336565811
        ]
    },
    "STS-B": {
        "corr": [
            0.06174880760253896,
            0.015425552134564745
        ],
        "pearson": [
            0.059693087557216015,
            0.014977680071951074
        ],
        "spearmanr": [
            0.06380452764786193,
            0.016533617005972556
        ]
    },
    "WNLI": {
        "acc": [
            0.5380281690140845,
            0.0507042253521127
        ]
    }
}