{
    "CoLA": {
        "mcc": [
            -0.010363396624007176,
            0.01276570444587292
        ]
    },
    "MNLI": {
        "mnli-mm_acc": [
            0.32727827502034174,
            0.004566890800198262
        ],
        "mnli_acc": [
            0.32601120733571065,
            0.0025396937028435334
        ]
    },
    "MRPC": {
        "acc": [
            0.3897058823529412,
            0.14705882352941177
        ],
        "acc_and_f1": [
            0.2760756486000514,
            0.2359748266118675
        ],
        "f1": [
            0.16244541484716157,
            0.32489082969432315
        ]
    },
    "QNLI": {
        "acc": [
            0.5055830129965221,
            0.0003660992128866613
        ]
    },
    "QQP": {
        "acc": [
            0.6234330942369528,
            0.01679940638139996
        ],
        "acc_and_f1": [
            0.340999843629261,
            0.050099753164860907
        ],
        "f1": [
            0.058566593021569226,
            0.11699890495406721
        ]
    },
    "RTE": {
        "acc": [
            0.48953068592057764,
            0.032738726494598226
        ]
    },
    "SST-2": {
        "acc": [
            0.4919724770642201,
            0.01567371519566043
        ]
    },
    "STS-B": {
        "corr": [
            0.05682410781316122,
            0.07002604558524553
        ],
        "pearson": [
            0.05266417217130363,
            0.0729557051262335
        ],
        "spearmanr": [
            0.060984043455018774,
            0.06753553227447781
        ]
    },
    "WNLI": {
        "acc": [
            0.4788732394366197,
            0.05344694636904305
        ]
    }
}