{
    "CoLA": {
        "mcc": [
            0.02401804449922514,
            0.030007737945362094
        ]
    },
    "MNLI": {
        "mnli-mm_acc": [
            0.32654597233523186,
            0.006947114141135822
        ],
        "mnli_acc": [
            0.32440142638818137,
            0.005255521438329957
        ]
    },
    "MRPC": {
        "acc": [
            0.38872549019607844,
            0.1450980392156863
        ],
        "acc_and_f1": [
            0.2751263280642654,
            0.2340761855402954
        ],
        "f1": [
            0.16152716593245228,
            0.32305433186490456
        ]
    },
    "QNLI": {
        "acc": [
            0.5073768991396669,
            0.003120230752723775
        ]
    },
    "QQP": {
        "acc": [
            0.6377887707148158,
            0.011899583376025749
        ],
        "acc_and_f1": [
            0.35469719568277897,
            0.07752182792553708
        ],
        "f1": [
            0.07160562065074202,
            0.14314407354583283
        ]
    },
    "RTE": {
        "acc": [
            0.47148014440433217,
            0.0028880866425992744
        ]
    },
    "SST-2": {
        "acc": [
            0.5172018348623854,
            0.017572459916860517
        ]
    },
    "STS-B": {
        "corr": [
            0.32186213961332744,
            0.04138482843701664
        ],
        "pearson": [
            0.3217935488040571,
            0.040238301091130545
        ],
        "spearmanr": [
            0.3219307304225977,
            0.042636614419312296
        ]
    },
    "WNLI": {
        "acc": [
            0.5070422535211268,
            0.05841251085444431
        ]
    }
}