{
    "CoLA": {
        "mcc": [
            0.0,
            0.0
        ]
    },
    "MNLI": {
        "mnli-mm_acc": [
            0.330166802278275,
            0.010011650404912233
        ],
        "mnli_acc": [
            0.326602139582272,
            0.007319163995366191
        ]
    },
    "MRPC": {
        "acc": [
            0.38823529411764707,
            0.14411764705882354
        ],
        "acc_and_f1": [
            0.2747058823529412,
            0.23323529411764704
        ],
        "f1": [
            0.1611764705882353,
            0.3223529411764707
        ]
    },
    "QNLI": {
        "acc": [
            0.5161266703276588,
            0.016724203851712374
        ]
    },
    "QQP": {
        "acc": [
            0.6357209992579769,
            0.00775169322883202
        ],
        "acc_and_f1": [
            0.3390589573570194,
            0.04603802797364426
        ],
        "f1": [
            0.042396915456062,
            0.0843243676345272
        ]
    },
    "RTE": {
        "acc": [
            0.4837545126353791,
            0.0216606498194946
        ]
    },
    "SST-2": {
        "acc": [
            0.5697247706422018,
            0.0579708357117185
        ]
    },
    "STS-B": {
        "corr": [
            0.3417343642202999,
            0.051419786339063855
        ],
        "pearson": [
            0.33851230038215413,
            0.05299459214012598
        ],
        "spearmanr": [
            0.3449564280584457,
            0.05011960983747003
        ]
    },
    "WNLI": {
        "acc": [
            0.5380281690140845,
            0.0507042253521127
        ]
    }
}