{
    "CoLA": {
        "mcc": [
            0.0059682793231657354,
            0.027997957849639103
        ]
    },
    "MNLI": {
        "mnli-mm_acc": [
            0.44696908055329543,
            0.04543602835099321
        ],
        "mnli_acc": [
            0.4515944982170147,
            0.045961284641485384
        ]
    },
    "MRPC": {
        "acc": [
            0.31813725490196076,
            0.003921568627450989
        ],
        "acc_and_f1": [
            0.165211972160878,
            0.01424747373352071
        ],
        "f1": [
            0.012286689419795221,
            0.02457337883959044
        ]
    },
    "QNLI": {
        "acc": [
            0.7353102690829215,
            0.055032761393484925
        ]
    },
    "QQP": {
        "acc": [
            0.7833489982686124,
            0.03525239721477254
        ],
        "acc_and_f1": [
            0.7202440190097131,
            0.0826890870732978
        ],
        "f1": [
            0.6571390397508139,
            0.13043600294915209
        ]
    },
    "RTE": {
        "acc": [
            0.47870036101083036,
            0.011552346570397122
        ]
    },
    "SST-2": {
        "acc": [
            0.7275229357798165,
            0.08261211911942401
        ]
    },
    "STS-B": {
        "corr": [
            0.5615167643522025,
            0.11059614833626628
        ],
        "pearson": [
            0.538496542473611,
            0.09951762208679577
        ],
        "spearmanr": [
            0.5845369862307942,
            0.12434871218487688
        ]
    },
    "WNLI": {
        "acc": [
            0.3380281690140845,
            0.049596667215940866
        ]
    }
}