{
    "CoLA": {
        "mcc": [
            0.5235195403275099,
            0.014740576373919442
        ]
    },
    "MNLI": {
        "mnli-mm_acc": [
            0.7853742880390561,
            0.010726175280431002
        ],
        "mnli_acc": [
            0.7798064187468162,
            0.01062447687249755
        ]
    },
    "MRPC": {
        "acc": [
            0.7784313725490196,
            0.008143748885213808
        ],
        "acc_and_f1": [
            0.8110842971993788,
            0.004613828368974267
        ],
        "f1": [
            0.8437372218497379,
            0.007249406008606115
        ]
    },
    "QNLI": {
        "acc": [
            0.8467874794069192,
            0.015622187396811423
        ]
    },
    "QQP": {
        "acc": [
            0.8350086569379174,
            0.010946944157736713
        ],
        "acc_and_f1": [
            0.8096006164180075,
            0.01696552087108465
        ],
        "f1": [
            0.7841925758980977,
            0.025045007487820015
        ]
    },
    "RTE": {
        "acc": [
            0.5797833935018051,
            0.035999858086116714
        ]
    },
    "SST-2": {
        "acc": [
            0.8552752293577981,
            0.012612593655841747
        ]
    },
    "STS-B": {
        "corr": [
            0.8142914602548771,
            0.018344715501320805
        ],
        "pearson": [
            0.8160569259795654,
            0.018774861162179347
        ],
        "spearmanr": [
            0.8125259945301886,
            0.01796711168056451
        ]
    },
    "WNLI": {
        "acc": [
            0.4647887323943662,
            0.0563380281690141
        ]
    }
}