{
    "CoLA": {
        "mcc": [
            0.5371541063393597,
            0.007467459193860629
        ]
    },
    "MNLI": {
        "mnli-mm_acc": [
            0.8458909682668837,
            0.002091740372755933
        ],
        "mnli_acc": [
            0.8447478349465104,
            0.0016733950213059954
        ]
    },
    "MRPC": {
        "acc": [
            0.8411764705882353,
            0.007657107525398654
        ],
        "acc_and_f1": [
            0.8646508193808305,
            0.006032903666219936
        ],
        "f1": [
            0.8881251681734259,
            0.004726505195430375
        ]
    },
    "QNLI": {
        "acc": [
            0.9145158337909572,
            0.0018631536738055216
        ]
    },
    "QQP": {
        "acc": [
            0.9082760326490231,
            0.001694356830476845
        ],
        "acc_and_f1": [
            0.8935016393087262,
            0.0019360065980161337
        ],
        "f1": [
            0.8787272459684292,
            0.0021822080924664864
        ]
    },
    "RTE": {
        "acc": [
            0.623826714801444,
            0.021345480865118383
        ]
    },
    "SST-2": {
        "acc": [
            0.9236238532110091,
            0.003740712484013796
        ]
    },
    "STS-B": {
        "corr": [
            0.8839589233221652,
            0.005256096638214762
        ],
        "pearson": [
            0.8855786634279763,
            0.005177053851011893
        ],
        "spearmanr": [
            0.8823391832163543,
            0.005389023848905256
        ]
    },
    "WNLI": {
        "acc": [
            0.3718309859154929,
            0.03943661971830985
        ]
    }
}