{
    "CoLA": {
        "mcc": [
            -0.004568498124679086,
            0.009136996249358173
        ]
    },
    "MNLI": {
        "mnli-mm_acc": [
            0.318246541903987,
            0.0
        ],
        "mnli_acc": [
            0.31818644931227713,
            0.0
        ]
    },
    "MRPC": {
        "acc": [
            0.3897058823529412,
            0.14705882352941177
        ],
        "acc_and_f1": [
            0.2760756486000514,
            0.2359748266118675
        ],
        "f1": [
            0.16244541484716157,
            0.32489082969432315
        ]
    },
    "QNLI": {
        "acc": [
            0.5052901336262128,
            0.011008938744860497
        ]
    },
    "QQP": {
        "acc": [
            0.6318327974276527,
            0.0
        ],
        "acc_and_f1": [
            0.3159163987138264,
            0.0
        ],
        "f1": [
            0.0,
            0.0
        ]
    },
    "RTE": {
        "acc": [
            0.4837545126353791,
            0.0216606498194946
        ]
    },
    "SST-2": {
        "acc": [
            0.501834862385321,
            0.008988953184525398
        ]
    },
    "STS-B": {
        "corr": [
            0.10840690311085573,
            0.02991463215752256
        ],
        "pearson": [
            0.10817401807762872,
            0.024823811148650843
        ],
        "spearmanr": [
            0.10863978814408273,
            0.03507290210309961
        ]
    },
    "WNLI": {
        "acc": [
            0.5380281690140845,
            0.0507042253521127
        ]
    }
}