{
    "CoLA": {
        "mcc": [
            0.41856916996906984,
            0.029587685196883262
        ]
    },
    "MNLI": {
        "mnli-mm_acc": [
            0.764300244100895,
            0.008841897663961602
        ],
        "mnli_acc": [
            0.7643199184921039,
            0.006127813823963996
        ]
    },
    "MRPC": {
        "acc": [
            0.6970588235294117,
            0.07882255389114422
        ],
        "acc_and_f1": [
            0.7216335815342078,
            0.09716176381012404
        ],
        "f1": [
            0.7462083395390037,
            0.11585959046582354
        ]
    },
    "QNLI": {
        "acc": [
            0.7909939593629873,
            0.014289317047632316
        ]
    },
    "QQP": {
        "acc": [
            0.854805837249567,
            0.007207663463934882
        ],
        "acc_and_f1": [
            0.8359404250124417,
            0.012079155102114757
        ],
        "f1": [
            0.8170750127753162,
            0.02018053416653767
        ]
    },
    "RTE": {
        "acc": [
            0.5855595667870036,
            0.008040092942714828
        ]
    },
    "SST-2": {
        "acc": [
            0.8970183486238532,
            0.004253953438300773
        ]
    },
    "STS-B": {
        "corr": [
            0.8164339044954785,
            0.027691550517731558
        ],
        "pearson": [
            0.8132215166707418,
            0.027983914705982705
        ],
        "spearmanr": [
            0.8196462923202151,
            0.027641592815672224
        ]
    },
    "WNLI": {
        "acc": [
            0.4563380281690141,
            0.07214787873163775
        ]
    }
}