{
    "CoLA": {
        "mcc": [
            0.08181939853582201,
            0.06502928872943337
        ]
    },
    "MNLI": {
        "mnli-mm_acc": [
            0.5331977217249797,
            0.017631796079570484
        ],
        "mnli_acc": [
            0.539174732552216,
            0.010454599098241623
        ]
    },
    "MRPC": {
        "acc": [
            0.3161764705882353,
            0.0
        ],
        "acc_and_f1": [
            0.15808823529411764,
            0.0
        ],
        "f1": [
            0.0,
            0.0
        ]
    },
    "QNLI": {
        "acc": [
            0.5307706388431265,
            0.05594956661256555
        ]
    },
    "QQP": {
        "acc": [
            0.6727627999010636,
            0.02104760368256828
        ],
        "acc_and_f1": [
            0.45942958483716084,
            0.07268423431086518
        ],
        "f1": [
            0.24609636977325805,
            0.12432671135323907
        ]
    },
    "RTE": {
        "acc": [
            0.4888086642599278,
            0.031768953068592044
        ]
    },
    "SST-2": {
        "acc": [
            0.8245412844036697,
            0.021515668623043254
        ]
    },
    "STS-B": {
        "corr": [
            0.6604134183669061,
            0.07169957568304862
        ],
        "pearson": [
            0.6509709863110872,
            0.06583816003458183
        ],
        "spearmanr": [
            0.669855850422725,
            0.07784772054956461
        ]
    },
    "WNLI": {
        "acc": [
            0.5183098591549296,
            0.056619017583779685
        ]
    }
}