{
    "CoLA": {
        "mcc": [
            -0.006517697156540473,
            0.013035394313080945
        ]
    },
    "MNLI": {
        "mnli-mm_acc": [
            0.318246541903987,
            0.0
        ],
        "mnli_acc": [
            0.31818644931227713,
            0.0
        ]
    },
    "MRPC": {
        "acc": [
            0.3872549019607843,
            0.142156862745098
        ],
        "acc_and_f1": [
            0.27397935713875,
            0.23178224368926456
        ],
        "f1": [
            0.16070381231671554,
            0.3214076246334311
        ]
    },
    "QNLI": {
        "acc": [
            0.5011898224418817,
            0.013088238869367486
        ]
    },
    "QQP": {
        "acc": [
            0.6318327974276527,
            0.0
        ],
        "acc_and_f1": [
            0.3159163987138264,
            0.0
        ],
        "f1": [
            0.0,
            0.0
        ]
    },
    "RTE": {
        "acc": [
            0.48231046931407945,
            0.018772563176895286
        ]
    },
    "SST-2": {
        "acc": [
            0.55,
            0.0911032733418594
        ]
    },
    "STS-B": {
        "corr": [
            0.08812713326976174,
            0.05744428186936817
        ],
        "pearson": [
            0.08983140321952912,
            0.0562822334777324
        ],
        "spearmanr": [
            0.08642286331999435,
            0.058713415295567235
        ]
    },
    "WNLI": {
        "acc": [
            0.5380281690140845,
            0.0507042253521127
        ]
    }
}