{
    "CoLA": {
        "mcc": [
            0.019862004173502906,
            0.024328722355244466
        ]
    },
    "MNLI": {
        "mnli-mm_acc": [
            0.34355166802278275,
            0.03019041990388199
        ],
        "mnli_acc": [
            0.3396434029546612,
            0.024006600761289024
        ]
    },
    "MRPC": {
        "acc": [
            0.3161764705882353,
            0.0
        ],
        "acc_and_f1": [
            0.15808823529411764,
            0.0
        ],
        "f1": [
            0.0,
            0.0
        ]
    },
    "QNLI": {
        "acc": [
            0.5259747391543108,
            0.028093576738892116
        ]
    },
    "QQP": {
        "acc": [
            0.635923818946327,
            0.008107908621446287
        ],
        "acc_and_f1": [
            0.3501604645483732,
            0.06814885197940922
        ],
        "f1": [
            0.0643971101504193,
            0.1281898331692321
        ]
    },
    "RTE": {
        "acc": [
            0.48953068592057764,
            0.033212996389891704
        ]
    },
    "SST-2": {
        "acc": [
            0.6571100917431193,
            0.0746276845778138
        ]
    },
    "STS-B": {
        "corr": [
            0.10793832337537501,
            0.08008269042727938
        ],
        "pearson": [
            0.10525909057058021,
            0.07966482966166591
        ],
        "spearmanr": [
            0.11061755618016986,
            0.08051621964468708
        ]
    },
    "WNLI": {
        "acc": [
            0.5211267605633803,
            0.053446946369043055
        ]
    }
}