{
    "CoLA": {
        "mcc": [
            0.5516411228967236,
            0.024829601181406372
        ]
    },
    "MNLI": {
        "mnli-mm_acc": [
            0.8434703010577704,
            0.0014710890750011787
        ],
        "mnli_acc": [
            0.841996943453897,
            0.0015389675059398042
        ]
    },
    "MRPC": {
        "acc": [
            0.851470588235294,
            0.010806572394631663
        ],
        "acc_and_f1": [
            0.8732948761132612,
            0.009018496182756675
        ],
        "f1": [
            0.8951191639912282,
            0.007352259720632585
        ]
    },
    "QNLI": {
        "acc": [
            0.9113673805601318,
            0.002142227909694711
        ]
    },
    "QQP": {
        "acc": [
            0.9088102893890675,
            0.0018856671671885663
        ],
        "acc_and_f1": [
            0.8932901184155266,
            0.0022434778344529354
        ],
        "f1": [
            0.8777699474419858,
            0.0026027440395029744
        ]
    },
    "RTE": {
        "acc": [
            0.612274368231047,
            0.031356029964777564
        ]
    },
    "SST-2": {
        "acc": [
            0.9211009174311926,
            0.001521387518511649
        ]
    },
    "STS-B": {
        "corr": [
            0.8790160778143454,
            0.005573032190122968
        ],
        "pearson": [
            0.880784833573004,
            0.0054223818022670085
        ],
        "spearmanr": [
            0.8772473220556869,
            0.00573389765927844
        ]
    },
    "WNLI": {
        "acc": [
            0.5633802816901409,
            0.0
        ]
    }
}