{
    "CoLA": {
        "mcc": [
            0.5593128459188652,
            0.005984711675676658
        ]
    },
    "MNLI": {
        "mnli-mm_acc": [
            0.8471521562245728,
            0.0028255257067410218
        ],
        "mnli_acc": [
            0.8458889454915944,
            0.0018379985383644888
        ]
    },
    "MRPC": {
        "acc": [
            0.8372549019607843,
            0.008289967904552832
        ],
        "acc_and_f1": [
            0.8612192768217204,
            0.006864829722987225
        ],
        "f1": [
            0.8851836516826564,
            0.005706417882027761
        ]
    },
    "QNLI": {
        "acc": [
            0.9152846421380195,
            0.0010761075201683582
        ]
    },
    "QQP": {
        "acc": [
            0.9074053920356171,
            0.0018806121856219037
        ],
        "acc_and_f1": [
            0.8915105227834694,
            0.0022100858942456906
        ],
        "f1": [
            0.8756156535313219,
            0.002544491565552914
        ]
    },
    "RTE": {
        "acc": [
            0.6303249097472924,
            0.027360715265698804
        ]
    },
    "SST-2": {
        "acc": [
            0.925,
            0.0026747485756171132
        ]
    },
    "STS-B": {
        "corr": [
            0.8844941507413511,
            0.0045801887390083465
        ],
        "pearson": [
            0.8862391656925087,
            0.00444953611089593
        ],
        "spearmanr": [
            0.8827491357901934,
            0.004744680681892158
        ]
    },
    "WNLI": {
        "acc": [
            0.3408450704225352,
            0.04747126632775413
        ]
    }
}