{
    "CoLA": {
        "mcc": [
            0.5438639441678454,
            0.01346033620216812
        ]
    },
    "MNLI": {
        "mnli-mm_acc": [
            0.837672904800651,
            0.001490648572869086
        ],
        "mnli_acc": [
            0.8390422822210901,
            0.0009235064039633014
        ]
    },
    "MRPC": {
        "acc": [
            0.8401960784313726,
            0.008823529411764711
        ],
        "acc_and_f1": [
            0.8640322049204077,
            0.007405097663719802
        ],
        "f1": [
            0.8878683314094428,
            0.006240406976111033
        ]
    },
    "QNLI": {
        "acc": [
            0.9085118066996156,
            0.003385972434126849
        ]
    },
    "QQP": {
        "acc": [
            0.9068315607222359,
            0.001905804377312464
        ],
        "acc_and_f1": [
            0.8909309321338548,
            0.0021719250849501115
        ],
        "f1": [
            0.8750303035454733,
            0.002439986912470487
        ]
    },
    "RTE": {
        "acc": [
            0.6144404332129965,
            0.014867335943663521
        ]
    },
    "SST-2": {
        "acc": [
            0.9153669724770642,
            0.00406423053822693
        ]
    },
    "STS-B": {
        "corr": [
            0.8777361276157153,
            0.004238190258734953
        ],
        "pearson": [
            0.8794808870662856,
            0.0040179747849235494
        ],
        "spearmanr": [
            0.8759913681651451,
            0.004463006791614881
        ]
    },
    "WNLI": {
        "acc": [
            0.4112676056338028,
            0.09692760864273382
        ]
    }
}