{
    "CoLA": {
        "mcc": [
            0.0,
            0
        ]
    },
    "MNLI": {
        "mnli-mm_acc": [
            0.3522172497965826,
            0
        ],
        "mnli_acc": [
            0.3544574630667346,
            0
        ]
    },
    "MRPC": {
        "acc": [
            0.6838235294117647,
            0
        ],
        "acc_and_f1": [
            0.7480253018237863,
            0
        ],
        "f1": [
            0.8122270742358079,
            0
        ]
    },
    "QNLI": {
        "acc": [
            0.5053999633900788,
            0
        ]
    },
    "QQP": {
        "acc": [
            0.6318327974276527,
            0
        ],
        "acc_and_f1": [
            0.3159163987138264,
            0
        ],
        "f1": [
            0.0,
            0
        ]
    },
    "RTE": {
        "acc": [
            0.5270758122743683,
            0
        ]
    },
    "SST-2": {
        "acc": [
            0.5091743119266054,
            0
        ]
    },
    "STS-B": {
        "corr": [
            0.022176439936614514,
            0
        ],
        "pearson": [
            0.02425364185684005,
            0
        ],
        "spearmanr": [
            0.020099238016388975,
            0
        ]
    },
    "WNLI": {
        "acc": [
            0.5633802816901409,
            0
        ]
    }
}