{
    "CoLA": {
        "mcc": [
            0.024748037475117324,
            0.029180389274706706
        ]
    },
    "MNLI": {
        "mnli-mm_acc": [
            0.6128356387306754,
            0.0029489211187013974
        ],
        "mnli_acc": [
            0.6192562404482935,
            0.0022736539586776755
        ]
    },
    "MRPC": {
        "acc": [
            0.6754901960784313,
            0.0075305350469300324
        ],
        "acc_and_f1": [
            0.7349080004336863,
            0.008778255032694951
        ],
        "f1": [
            0.7943258047889412,
            0.01054452180242298
        ]
    },
    "QNLI": {
        "acc": [
            0.6068460552809811,
            0.0005948408130796753
        ]
    },
    "QQP": {
        "acc": [
            0.7751570615879297,
            0.0009582799277248181
        ],
        "acc_and_f1": [
            0.7298538344363507,
            0.0018371720097711064
        ],
        "f1": [
            0.6845506072847714,
            0.003008529397172808
        ]
    },
    "RTE": {
        "acc": [
            0.4945848375451264,
            0.026528769777435166
        ]
    },
    "SST-2": {
        "acc": [
            0.8160550458715596,
            0.0035973365003114793
        ]
    },
    "STS-B": {
        "corr": [
            0.08823897088181182,
            0.00292507062511918
        ],
        "pearson": [
            0.08185447562372535,
            0.0029922105303168667
        ],
        "spearmanr": [
            0.09462346613989828,
            0.002924697017264856
        ]
    },
    "WNLI": {
        "acc": [
            0.4901408450704226,
            0.09651741802260178
        ]
    }
}