{
    "CoLA": {
        "mcc": [
            0.5480124295408363,
            0.020647774026956354
        ]
    },
    "MNLI": {
        "mnli-mm_acc": [
            0.8315500406834826,
            0.003292221428788825
        ],
        "mnli_acc": [
            0.8277941925624045,
            0.003093275665270864
        ]
    },
    "MRPC": {
        "acc": [
            0.7573529411764706,
            0.023813642748021783
        ],
        "acc_and_f1": [
            0.7999523922557449,
            0.018353341961963737
        ],
        "f1": [
            0.8425518433350193,
            0.013314239415390932
        ]
    },
    "QNLI": {
        "acc": [
            0.8979681493684788,
            0.008871846223459795
        ]
    },
    "QQP": {
        "acc": [
            0.9004056393767005,
            0.0010844263550744981
        ],
        "acc_and_f1": [
            0.8838272782441361,
            0.0012956713229380988
        ],
        "f1": [
            0.8672489171115716,
            0.0016463940907268473
        ]
    },
    "RTE": {
        "acc": [
            0.5790613718411552,
            0.0389222584027251
        ]
    },
    "SST-2": {
        "acc": [
            0.9009174311926607,
            0.014589031095219513
        ]
    },
    "STS-B": {
        "corr": [
            0.8278928486217152,
            0.04697665939518786
        ],
        "pearson": [
            0.8286036826475808,
            0.04683337483128259
        ],
        "spearmanr": [
            0.8271820145958497,
            0.0471301869421778
        ]
    },
    "WNLI": {
        "acc": [
            0.4112676056338028,
            0.04489402098734994
        ]
    }
}