{
    "CoLA": {
        "mcc": [
            0.12557792494993,
            0.030026633856077
        ]
    },
    "MNLI": {
        "mnli-mm_acc": [
            0.7707282343368593,
            0.0033894493125860323
        ],
        "mnli_acc": [
            0.7671930718288333,
            0.0029104140309904737
        ]
    },
    "MRPC": {
        "acc": [
            0.6941176470588235,
            0.006466130371702389
        ],
        "acc_and_f1": [
            0.74925548023783,
            0.005123324184480651
        ],
        "f1": [
            0.8043933134168364,
            0.0038215837566516688
        ]
    },
    "QNLI": {
        "acc": [
            0.5681493684788578,
            0.02456452061040916
        ]
    },
    "QQP": {
        "acc": [
            0.8692307692307691,
            0.0005107458619496626
        ],
        "acc_and_f1": [
            0.8498709370024885,
            0.0005124527450275378
        ],
        "f1": [
            0.8305111047742078,
            0.0005652540800997639
        ]
    },
    "RTE": {
        "acc": [
            0.4916967509025271,
            0.029364186870271147
        ]
    },
    "SST-2": {
        "acc": [
            0.8272935779816514,
            0.005456595070353383
        ]
    },
    "STS-B": {
        "corr": [
            0.12679912319694356,
            0.010935336995444418
        ],
        "pearson": [
            0.13391322117886012,
            0.011610677447202537
        ],
        "spearmanr": [
            0.11968502521502702,
            0.010421160330747465
        ]
    },
    "WNLI": {
        "acc": [
            0.5633802816901409,
            0.0
        ]
    }
}