{
    "CoLA": {
        "mcc": [
            0.011059149397281245,
            0.030817233028175264
        ]
    },
    "MNLI": {
        "mnli-mm_acc": [
            0.3680431244914565,
            0.008419515263742803
        ],
        "mnli_acc": [
            0.3628527763627102,
            0.006199960144509129
        ]
    },
    "MRPC": {
        "acc": [
            0.31666666666666665,
            0.0009803921568627416
        ],
        "acc_and_f1": [
            0.15904761904761905,
            0.0019187675070027942
        ],
        "f1": [
            0.0014285714285714288,
            0.0028571428571428576
        ]
    },
    "QNLI": {
        "acc": [
            0.5270730367929709,
            0.016856712167907528
        ]
    },
    "QQP": {
        "acc": [
            0.6313084343309423,
            0.002850176459720801
        ],
        "acc_and_f1": [
            0.3376151594687046,
            0.02264439569898339
        ],
        "f1": [
            0.04392188460646672,
            0.047823453958196864
        ]
    },
    "RTE": {
        "acc": [
            0.488086642599278,
            0.03216037177085932
        ]
    },
    "SST-2": {
        "acc": [
            0.6408256880733945,
            0.05317639652494484
        ]
    },
    "STS-B": {
        "corr": [
            0.06702630841767812,
            0.02465159220626656
        ],
        "pearson": [
            0.06060993881492741,
            0.025175850212874367
        ],
        "spearmanr": [
            0.07344267802042881,
            0.025157674758160577
        ]
    },
    "WNLI": {
        "acc": [
            0.4901408450704225,
            0.06260876273490948
        ]
    }
}