{
    "CoLA": {
        "mcc": [
            0.0,
            0.0
        ]
    },
    "MNLI": {
        "mnli-mm_acc": [
            0.32050447518307573,
            0.004515866558177373
        ],
        "mnli_acc": [
            0.32002037697401936,
            0.0036678553234844587
        ]
    },
    "MRPC": {
        "acc": [
            0.3161764705882353,
            0.0
        ],
        "acc_and_f1": [
            0.15808823529411764,
            0.0
        ],
        "f1": [
            0.0,
            0.0
        ]
    },
    "QNLI": {
        "acc": [
            0.5053999633900788,
            0.0
        ]
    },
    "QQP": {
        "acc": [
            0.6318327974276527,
            0.0
        ],
        "acc_and_f1": [
            0.3159163987138264,
            0.0
        ],
        "f1": [
            0.0,
            0.0
        ]
    },
    "RTE": {
        "acc": [
            0.4729241877256317,
            5.551115123125783e-17
        ]
    },
    "SST-2": {
        "acc": [
            0.5055045871559634,
            0.0073394495412843815
        ]
    },
    "STS-B": {
        "corr": [
            -0.04120377306398826,
            0.01722821436738029
        ],
        "pearson": [
            -0.04408898469835938,
            0.01569057661899459
        ],
        "spearmanr": [
            -0.038318561429617135,
            0.019374672902736083
        ]
    },
    "WNLI": {
        "acc": [
            0.46197183098591543,
            0.05070422535211269
        ]
    }
}