{
    "CoLA": {
        "mcc": [
            0.008340467620597692,
            0.031001287148356246
        ]
    },
    "MNLI": {
        "mnli-mm_acc": [
            0.3743287225386493,
            0.01665883046794192
        ],
        "mnli_acc": [
            0.3706775343861437,
            0.012549536270116743
        ]
    },
    "MRPC": {
        "acc": [
            0.3161764705882353,
            0.0
        ],
        "acc_and_f1": [
            0.15808823529411764,
            0.0
        ],
        "f1": [
            0.0,
            0.0
        ]
    },
    "QNLI": {
        "acc": [
            0.5193849533223504,
            0.012773977468098704
        ]
    },
    "QQP": {
        "acc": [
            0.6324214692060351,
            0.0005310407875466511
        ],
        "acc_and_f1": [
            0.3216798235115525,
            0.005793234405943167
        ],
        "f1": [
            0.01093817781706983,
            0.011056230806568151
        ]
    },
    "RTE": {
        "acc": [
            0.4888086642599278,
            0.031768953068592044
        ]
    },
    "SST-2": {
        "acc": [
            0.6518348623853211,
            0.0607672654515465
        ]
    },
    "STS-B": {
        "corr": [
            0.10513648265598116,
            0.03924413958316829
        ],
        "pearson": [
            0.10111536872585572,
            0.036148735855749715
        ],
        "spearmanr": [
            0.10915759658610666,
            0.04621815700607107
        ]
    },
    "WNLI": {
        "acc": [
            0.46760563380281683,
            0.0402333995974245
        ]
    }
}