{
    "CoLA": {
        "mcc": [
            0.0,
            0.0
        ]
    },
    "MNLI": {
        "mnli-mm_acc": [
            0.32050447518307573,
            0.004515866558177373
        ],
        "mnli_acc": [
            0.32002037697401936,
            0.0036678553234844587
        ]
    },
    "MRPC": {
        "acc": [
            0.3161764705882353,
            0.0
        ],
        "acc_and_f1": [
            0.15808823529411764,
            0.0
        ],
        "f1": [
            0.0,
            0.0
        ]
    },
    "QNLI": {
        "acc": [
            0.5053999633900788,
            0.0
        ]
    },
    "QQP": {
        "acc": [
            0.6318327974276527,
            0.0
        ],
        "acc_and_f1": [
            0.3159163987138264,
            0.0
        ],
        "f1": [
            0.0,
            0.0
        ]
    },
    "RTE": {
        "acc": [
            0.4729241877256317,
            5.551115123125783e-17
        ]
    },
    "SST-2": {
        "acc": [
            0.5055045871559634,
            0.0073394495412843815
        ]
    },
    "STS-B": {
        "corr": [
            -0.0040506760092374125,
            0.00999576277357447
        ],
        "pearson": [
            -0.002232865463810297,
            0.008120287241381094
        ],
        "spearmanr": [
            -0.005868486554664527,
            0.012423391736992622
        ]
    },
    "WNLI": {
        "acc": [
            0.46197183098591543,
            0.05070422535211269
        ]
    }
}