{
    "CoLA": {
        "mcc": [
            0.4174963797987359,
            0.20942008402413234
        ]
    },
    "MNLI": {
        "mnli-mm_acc": [
            0.7986167615947926,
            0.0628359317722341
        ],
        "mnli_acc": [
            0.7899745287824758,
            0.07064284580298727
        ]
    },
    "MRPC": {
        "acc": [
            0.678921568627451,
            0.18421852985940412
        ],
        "acc_and_f1": [
            0.6721285030517583,
            0.25919961503587874
        ],
        "f1": [
            0.6653354374760657,
            0.33448717830222846
        ]
    },
    "QNLI": {
        "acc": [
            0.8416254805052169,
            0.044240541347498316
        ]
    },
    "QQP": {
        "acc": [
            0.8763096710363592,
            0.02797892073061902
        ],
        "acc_and_f1": [
            0.8589745542327984,
            0.02563940262797064
        ],
        "f1": [
            0.8416394374292373,
            0.023704765196165968
        ]
    },
    "RTE": {
        "acc": [
            0.5646209386281589,
            0.04835928389787827
        ]
    },
    "SST-2": {
        "acc": [
            0.8938073394495412,
            0.013227404454400203
        ]
    },
    "STS-B": {
        "corr": [
            0.7938942475562956,
            0.06792345207783387
        ],
        "pearson": [
            0.791210406235968,
            0.0716574423056244
        ],
        "spearmanr": [
            0.796578088876623,
            0.06423393923434963
        ]
    },
    "WNLI": {
        "acc": [
            0.5380281690140846,
            0.05070422535211269
        ]
    }
}