{
    "CoLA": {
        "mcc": [
            0.4059917658252344,
            0.09393696648420168
        ]
    },
    "MNLI": {
        "mnli-mm_acc": [
            0.8086859235150529,
            0.038802957828598876
        ],
        "mnli_acc": [
            0.8032195618950585,
            0.04064169972225596
        ]
    },
    "MRPC": {
        "acc": [
            0.6769607843137255,
            0.12694469577826425
        ],
        "acc_and_f1": [
            0.6991642735155125,
            0.1486177199446497
        ],
        "f1": [
            0.7213677627172996,
            0.17094709741176975
        ]
    },
    "QNLI": {
        "acc": [
            0.7655866739886509,
            0.10306720860501993
        ]
    },
    "QQP": {
        "acc": [
            0.8198417017066536,
            0.09648185207878593
        ],
        "acc_and_f1": [
            0.7382891528085154,
            0.20749165458671534
        ],
        "f1": [
            0.6567366039103774,
            0.31941016119211374
        ]
    },
    "RTE": {
        "acc": [
            0.5877256317689531,
            0.03311868575069954
        ]
    },
    "SST-2": {
        "acc": [
            0.8582568807339449,
            0.05084609433690457
        ]
    },
    "STS-B": {
        "corr": [
            0.606726428783661,
            0.19151154523907732
        ],
        "pearson": [
            0.6072417913635855,
            0.18500520099577
        ],
        "spearmanr": [
            0.6062110662037368,
            0.19803590061259568
        ]
    },
    "WNLI": {
        "acc": [
            0.5380281690140846,
            0.05070422535211269
        ]
    }
}