{
    "CoLA": {
        "mcc": [
            0.273794468475075,
            0.1019002770316719
        ]
    },
    "MNLI": {
        "mnli-mm_acc": [
            0.5840317331163547,
            0.10394324052578661
        ],
        "mnli_acc": [
            0.572470708099847,
            0.10101138354728571
        ]
    },
    "MRPC": {
        "acc": [
            0.32745098039215687,
            0.0140028008402801
        ],
        "acc_and_f1": [
            0.1801897372421642,
            0.027267617293807042
        ],
        "f1": [
            0.03292849409217154,
            0.04055232663711287
        ]
    },
    "QNLI": {
        "acc": [
            0.629214717188358,
            0.10723524026118188
        ]
    },
    "QQP": {
        "acc": [
            0.7003660648033639,
            0.08538561757548464
        ],
        "acc_and_f1": [
            0.5172943760371553,
            0.18399551842046177
        ],
        "f1": [
            0.33422268727094684,
            0.2867472730912126
        ]
    },
    "RTE": {
        "acc": [
            0.5169675090252708,
            0.056363953967577596
        ]
    },
    "SST-2": {
        "acc": [
            0.5472477064220183,
            0.041749419828973545
        ]
    },
    "STS-B": {
        "corr": [
            0.3194276350041082,
            0.1565839049445031
        ],
        "pearson": [
            0.3217657810005995,
            0.15987420558511206
        ],
        "spearmanr": [
            0.31708948900761685,
            0.1533806188915081
        ]
    },
    "WNLI": {
        "acc": [
            0.5380281690140845,
            0.0507042253521127
        ]
    }
}