{
    "CoLA": {
        "mcc": [
            0.33338958883663616,
            0.12198873124376955
        ]
    },
    "MNLI": {
        "mnli-mm_acc": [
            0.8037835638730675,
            0.016156952212157887
        ],
        "mnli_acc": [
            0.8013245033112583,
            0.01585179280221061
        ]
    },
    "MRPC": {
        "acc": [
            0.7058823529411765,
            0.004901960784313741
        ],
        "acc_and_f1": [
            0.7562851847913123,
            0.005254320415720752
        ],
        "f1": [
            0.8066880166414483,
            0.006471820945282414
        ]
    },
    "QNLI": {
        "acc": [
            0.8488010250777961,
            0.018184852154181114
        ]
    },
    "QQP": {
        "acc": [
            0.8766163739797183,
            0.01405470823862843
        ],
        "acc_and_f1": [
            0.8566506054687849,
            0.016145729416133334
        ],
        "f1": [
            0.8366848369578521,
            0.01823991712356876
        ]
    },
    "RTE": {
        "acc": [
            0.5624548736462094,
            0.029452820295120752
        ]
    },
    "SST-2": {
        "acc": [
            0.8470183486238533,
            0.02084003062678997
        ]
    },
    "STS-B": {
        "corr": [
            0.30223120288052296,
            0.06677139712874863
        ],
        "pearson": [
            0.3020805442214593,
            0.06717906966827811
        ],
        "spearmanr": [
            0.30238186153958657,
            0.06645266023221126
        ]
    },
    "WNLI": {
        "acc": [
            0.5633802816901409,
            0.0
        ]
    }
}