{
    "CoLA": {
        "mcc": [
            0.49154038945833933,
            0.03423615834282148
        ]
    },
    "MNLI": {
        "mnli-mm_acc": [
            0.838527257933279,
            0.007641458425770196
        ],
        "mnli_acc": [
            0.8399184921039226,
            0.006223956500642916
        ]
    },
    "MRPC": {
        "acc": [
            0.8151960784313725,
            0.029599076744020642
        ],
        "acc_and_f1": [
            0.8434872676401645,
            0.02396672718965444
        ],
        "f1": [
            0.8717784568489565,
            0.019062254178857967
        ]
    },
    "QNLI": {
        "acc": [
            0.9016657514186346,
            0.006738015981837298
        ]
    },
    "QQP": {
        "acc": [
            0.8900964630225079,
            0.01170756666273073
        ],
        "acc_and_f1": [
            0.8764930546802777,
            0.010971324009899006
        ],
        "f1": [
            0.8628896463380471,
            0.010242103214095894
        ]
    },
    "RTE": {
        "acc": [
            0.5949458483754513,
            0.05491163420023552
        ]
    },
    "SST-2": {
        "acc": [
            0.9025229357798163,
            0.01950215749493695
        ]
    },
    "STS-B": {
        "corr": [
            0.8325752087115023,
            0.07106990635331843
        ],
        "pearson": [
            0.8324053876051034,
            0.07198235680884005
        ],
        "spearmanr": [
            0.8327450298179014,
            0.07018517840340861
        ]
    },
    "WNLI": {
        "acc": [
            0.5380281690140845,
            0.0507042253521127
        ]
    }
}