{
    "CoLA": {
        "mcc": [
            0.06463100996170787,
            0.017214366570524522
        ]
    },
    "MNLI": {
        "mnli-mm_acc": [
            0.5085231895850285,
            0.040531622596153075
        ],
        "mnli_acc": [
            0.5112582781456954,
            0.03765579893761784
        ]
    },
    "MRPC": {
        "acc": [
            0.690686274509804,
            0.007964743533956795
        ],
        "acc_and_f1": [
            0.7465699506018191,
            0.007261123671690259
        ],
        "f1": [
            0.8024536266938342,
            0.006575971865408498
        ]
    },
    "QNLI": {
        "acc": [
            0.8127768625297456,
            0.006777682045227572
        ]
    },
    "QQP": {
        "acc": [
            0.8411179816967598,
            0.006323706164783636
        ],
        "acc_and_f1": [
            0.8172375209780505,
            0.010640539293258838
        ],
        "f1": [
            0.7933570602593413,
            0.014995733313251696
        ]
    },
    "RTE": {
        "acc": [
            0.5111913357400723,
            0.03297671406980286
        ]
    },
    "SST-2": {
        "acc": [
            0.8252293577981652,
            0.003597336500311537
        ]
    },
    "STS-B": {
        "corr": [
            0.12689298918283412,
            0.01599001342185575
        ],
        "pearson": [
            0.13001912580307073,
            0.017687619396128715
        ],
        "spearmanr": [
            0.12376685256259742,
            0.014324704407083593
        ]
    },
    "WNLI": {
        "acc": [
            0.5633802816901409,
            0.0
        ]
    }
}