{
    "CoLA": {
        "mcc": [
            0.5603641275987479,
            0.0054951410012423416
        ]
    },
    "MNLI": {
        "mnli-mm_acc": [
            0.8475183075671276,
            0.0027226035767459384
        ],
        "mnli_acc": [
            0.8448497198166072,
            0.0018956062727756124
        ]
    },
    "MRPC": {
        "acc": [
            0.8392156862745098,
            0.00768842506929317
        ],
        "acc_and_f1": [
            0.8629901385361339,
            0.006730176035105517
        ],
        "f1": [
            0.8867645907977583,
            0.006022018422802168
        ]
    },
    "QNLI": {
        "acc": [
            0.9153212520593081,
            0.001114048988080019
        ]
    },
    "QQP": {
        "acc": [
            0.9091961414790998,
            0.001993906665531253
        ],
        "acc_and_f1": [
            0.8937252651855652,
            0.002296954161630614
        ],
        "f1": [
            0.8782543888920307,
            0.002604745690724196
        ]
    },
    "RTE": {
        "acc": [
            0.6324909747292419,
            0.027720366527729225
        ]
    },
    "SST-2": {
        "acc": [
            0.9256880733944955,
            0.003025437146392908
        ]
    },
    "STS-B": {
        "corr": [
            0.8848302126235386,
            0.0045476010029822525
        ],
        "pearson": [
            0.8865435671606765,
            0.004429746172534015
        ],
        "spearmanr": [
            0.8831168580864002,
            0.004699084896907717
        ]
    },
    "WNLI": {
        "acc": [
            0.3380281690140845,
            0.049596667215940866
        ]
    }
}