{
    "CoLA": {
        "mcc": [
            0.022810426443001654,
            0.025141351784748772
        ]
    },
    "MNLI": {
        "mnli-mm_acc": [
            0.32853946297803094,
            0.01478179905533908
        ],
        "mnli_acc": [
            0.32680590932246567,
            0.011678264076003768
        ]
    },
    "MRPC": {
        "acc": [
            0.3897058823529412,
            0.14705882352941177
        ],
        "acc_and_f1": [
            0.2760756486000514,
            0.2359748266118675
        ],
        "f1": [
            0.16244541484716157,
            0.32489082969432315
        ]
    },
    "QNLI": {
        "acc": [
            0.5084019769357496,
            0.015978710398775003
        ]
    },
    "QQP": {
        "acc": [
            0.6318327974276527,
            0.0
        ],
        "acc_and_f1": [
            0.3159163987138264,
            0.0
        ],
        "f1": [
            0.0,
            0.0
        ]
    },
    "RTE": {
        "acc": [
            0.4743682310469314,
            0.0028880866425992744
        ]
    },
    "SST-2": {
        "acc": [
            0.5465596330275229,
            0.08424521424521367
        ]
    },
    "STS-B": {
        "corr": [
            0.07569016364114542,
            0.043850903470818596
        ],
        "pearson": [
            0.07682206093979245,
            0.04000372759994432
        ],
        "spearmanr": [
            0.07455826634249837,
            0.047815086902688875
        ]
    },
    "WNLI": {
        "acc": [
            0.5070422535211268,
            0.06957233259283646
        ]
    }
}