{
    "CoLA": {
        "mcc": [
            0.06381072576698017,
            0.05850653609489105
        ]
    },
    "MNLI": {
        "mnli-mm_acc": [
            0.6701790073230269,
            0.02546850993641495
        ],
        "mnli_acc": [
            0.667080998471727,
            0.020904987813583156
        ]
    },
    "MRPC": {
        "acc": [
            0.6818627450980392,
            0.012047260517102462
        ],
        "acc_and_f1": [
            0.7372736491579225,
            0.009371125691739238
        ],
        "f1": [
            0.7926845532178056,
            0.007487959796968528
        ]
    },
    "QNLI": {
        "acc": [
            0.610397217645982,
            0.0021081720737891963
        ]
    },
    "QQP": {
        "acc": [
            0.786015335147168,
            0.007157037243562742
        ],
        "acc_and_f1": [
            0.7466547232259544,
            0.010192783690167018
        ],
        "f1": [
            0.7072941113047404,
            0.013257249776903238
        ]
    },
    "RTE": {
        "acc": [
            0.5083032490974729,
            0.029364186870271144
        ]
    },
    "SST-2": {
        "acc": [
            0.8172018348623855,
            0.006979414703992167
        ]
    },
    "STS-B": {
        "corr": [
            0.09763268729399509,
            0.004851465462170517
        ],
        "pearson": [
            0.09164082594349457,
            0.005194745909815697
        ],
        "spearmanr": [
            0.10362454864449559,
            0.004728004081980979
        ]
    },
    "WNLI": {
        "acc": [
            0.5633802816901409,
            0.0
        ]
    }
}