{
    "HANS": {
        "acc": [
            0.9159799999999999,
            0.008086768342312157
        ]
    },
    "HANS_MNLI": {
        "hans_mnli_acc": [
            0.8991033530076604,
            0.009743328201739575
        ]
    },
    "MNLI_TWO": {
        "mnli_two_acc": [
            0.8311563932755985,
            0.006648454241817208
        ]
    },
    "MNLI_TWO_HALF": {
        "mnli_two_half_acc": [
            0.8176260825267448,
            0.007788963381915299
        ]
    }
}