{
    "CoLA": {
        "mcc": [
            0.3359648287266944,
            0.08031260850031374
        ]
    },
    "MNLI": {
        "mnli-mm_acc": [
            0.6041497152156226,
            0.1095610413875643
        ],
        "mnli_acc": [
            0.5982679572083546,
            0.11307349783077654
        ]
    },
    "MRPC": {
        "acc": [
            0.4313725490196078,
            0.13367171594325464
        ],
        "acc_and_f1": [
            0.35243683174673235,
            0.21514524106315122
        ],
        "f1": [
            0.2735011144738569,
            0.2989130064985013
        ]
    },
    "QNLI": {
        "acc": [
            0.628006589785832,
            0.05169437559321746
        ]
    },
    "QQP": {
        "acc": [
            0.6793024981449419,
            0.05496764219379854
        ],
        "acc_and_f1": [
            0.45379848971438425,
            0.13941382085194334
        ],
        "f1": [
            0.22829448128382662,
            0.22413211373549657
        ]
    },
    "RTE": {
        "acc": [
            0.4916967509025271,
            0.032402607469049646
        ]
    },
    "SST-2": {
        "acc": [
            0.6160550458715596,
            0.13126281244953042
        ]
    },
    "STS-B": {
        "corr": [
            0.3213865924903002,
            0.33688009949965636
        ],
        "pearson": [
            0.32441570244634627,
            0.3374682139300879
        ],
        "spearmanr": [
            0.3183574825342542,
            0.33636781373421254
        ]
    },
    "WNLI": {
        "acc": [
            0.5380281690140845,
            0.0507042253521127
        ]
    }
}