{
    "CoLA": {
        "mcc": [
            0.5434292344539122,
            0.021269056038810262
        ]
    },
    "MNLI": {
        "mnli-mm_acc": [
            0.7893409275834011,
            0.015504410597512341
        ],
        "mnli_acc": [
            0.7844319918492104,
            0.018554619554366082
        ]
    },
    "MRPC": {
        "acc": [
            0.7970588235294118,
            0.021049912307435192
        ],
        "acc_and_f1": [
            0.8217935729835798,
            0.01830549264517944
        ],
        "f1": [
            0.846528322437748,
            0.016443374263594084
        ]
    },
    "QNLI": {
        "acc": [
            0.8380377082189273,
            0.017074280138693138
        ]
    },
    "QQP": {
        "acc": [
            0.8329210981944101,
            0.0029531738159292308
        ],
        "acc_and_f1": [
            0.8094933760043306,
            0.008216718124743078
        ],
        "f1": [
            0.7860656538142512,
            0.014708695855114364
        ]
    },
    "RTE": {
        "acc": [
            0.5956678700361011,
            0.03130611319664808
        ]
    },
    "SST-2": {
        "acc": [
            0.8603211009174311,
            0.017667995571165815
        ]
    },
    "STS-B": {
        "corr": [
            0.8216412033215784,
            0.012582614657458286
        ],
        "pearson": [
            0.8190848709726024,
            0.013827095290465314
        ],
        "spearmanr": [
            0.8241975356705545,
            0.011778709585701395
        ]
    },
    "WNLI": {
        "acc": [
            0.5126760563380282,
            0.06209973995788342
        ]
    }
}