{
    "CoLA": {
        "mcc": [
            0.15735819095889736,
            0.05515656062237918
        ]
    },
    "MNLI": {
        "mnli-mm_acc": [
            0.7583807973962571,
            0.005500024661616358
        ],
        "mnli_acc": [
            0.7557412124299542,
            0.0033597916623007208
        ]
    },
    "MRPC": {
        "acc": [
            0.7034313725490197,
            0.012782749814122845
        ],
        "acc_and_f1": [
            0.7531571156455739,
            0.01061814298574512
        ],
        "f1": [
            0.8028828587421281,
            0.009410660407832469
        ]
    },
    "QNLI": {
        "acc": [
            0.8087863811092806,
            0.00761767925528975
        ]
    },
    "QQP": {
        "acc": [
            0.8561513727430127,
            0.0025158564290296112
        ],
        "acc_and_f1": [
            0.8348307268029389,
            0.0022944803012779334
        ],
        "f1": [
            0.8135100808628654,
            0.0021371668550467134
        ]
    },
    "RTE": {
        "acc": [
            0.5610108303249097,
            0.016241475637836827
        ]
    },
    "SST-2": {
        "acc": [
            0.8291284403669724,
            0.004644141452136839
        ]
    },
    "STS-B": {
        "corr": [
            0.2359686707375368,
            0.028388238659328192
        ],
        "pearson": [
            0.23547882761303507,
            0.028217342338782612
        ],
        "spearmanr": [
            0.23645851386203848,
            0.02860665957518774
        ]
    },
    "WNLI": {
        "acc": [
            0.4704225352112676,
            0.10748610720190938
        ]
    }
}